Please upload completed plate layout on the client portal.,,,,,,,,
Row Sort,Column Sort,RAPiD Genomics Sample Code,Unique Client Code,Concentration (ng / uL),Volume (uL),Comments,RAPiD Genomics Lab Use ONLYConcentration (ng / uL),RAPiD Genomics Lab Use ONLYTotal DNA (ng)
1,1,VAC_155005_P001_WA01,#35,N/A,N/A,N/A,N/A,N/A
2,9,VAC_155005_P001_WA02,Budd's Blues,N/A,N/A,N/A,N/A,N/A
3,17,VAC_155005_P001_WA03,Howes,N/A,N/A,N/A,N/A,N/A
4,25,VAC_155005_P001_WA04,ST,N/A,N/A,N/A,N/A,N/A
5,33,VAC_155005_P001_WA05,YBS02,N/A,N/A,N/A,N/A,N/A
6,41,VAC_155005_P001_WA06,YBS12,N/A,N/A,N/A,N/A,N/A
7,49,VAC_155005_P001_WA07,YBS21,N/A,N/A,N/A,N/A,N/A
8,57,VAC_155005_P001_WA08,MG12,N/A,N/A,N/A,N/A,N/A
9,65,VAC_155005_P001_WA09,QS05,N/A,N/A,N/A,N/A,N/A
10,73,VAC_155005_P001_WA10,WC12-006,N/A,N/A,N/A,N/A,N/A
11,81,VAC_155005_P001_WA11,WC12-101,N/A,N/A,N/A,N/A,N/A
12,89,VAC_155005_P001_WA12,WC12-153,N/A,N/A,N/A,N/A,N/A
13,2,VAC_155005_P001_WB01,Bain Fav. #1,N/A,N/A,N/A,N/A,N/A
14,10,VAC_155005_P001_WB02,Crimson Queen,N/A,N/A,N/A,N/A,N/A
15,18,VAC_155005_P001_WB03,HyRed,N/A,N/A,N/A,N/A,N/A
16,26,VAC_155005_P001_WB04,Sundance,N/A,N/A,N/A,N/A,N/A
17,34,VAC_155005_P001_WB05,YBS05,N/A,N/A,N/A,N/A,N/A
18,42,VAC_155005_P001_WB06,YBS13,N/A,N/A,N/A,N/A,N/A
19,50,VAC_155005_P001_WB07,YBS22,N/A,N/A,N/A,N/A,N/A
20,58,VAC_155005_P001_WB08,Murphy's Green (a),N/A,N/A,N/A,N/A,N/A
21,66,VAC_155005_P001_WB09,QS06,N/A,N/A,N/A,N/A,N/A
22,74,VAC_155005_P001_WB10,WC12-008,N/A,N/A,N/A,N/A,N/A
23,82,VAC_155005_P001_WB11,WC12-104,N/A,N/A,N/A,N/A,N/A
24,90,VAC_155005_P001_WB12,WC12-199,N/A,N/A,N/A,N/A,N/A
25,3,VAC_155005_P001_WC01,BE4,N/A,N/A,N/A,N/A,N/A
26,11,VAC_155005_P001_WC02,D07,N/A,N/A,N/A,N/A,N/A
27,19,VAC_155005_P001_WC03,J21,N/A,N/A,N/A,N/A,N/A
28,27,VAC_155005_P001_WC04,V07,N/A,N/A,N/A,N/A,N/A
29,35,VAC_155005_P001_WC05,YBS06,N/A,N/A,N/A,N/A,N/A
30,43,VAC_155005_P001_WC06,YBS14,N/A,N/A,N/A,N/A,N/A
31,51,VAC_155005_P001_WC07,YBS23,N/A,N/A,N/A,N/A,N/A
32,59,VAC_155005_P001_WC08,Murphy's Green,N/A,N/A,N/A,N/A,N/A
33,67,VAC_155005_P001_WC09,QS07,N/A,N/A,N/A,N/A,N/A
34,75,VAC_155005_P001_WC10,WC12-012,N/A,N/A,N/A,N/A,N/A
35,83,VAC_155005_P001_WC11,WC12-110,N/A,N/A,N/A,N/A,N/A
36,91,VAC_155005_P001_WC12,WC12-221,N/A,N/A,N/A,N/A,N/A
37,4,VAC_155005_P001_WD01,Ben Lear,N/A,N/A,N/A,N/A,N/A
38,12,VAC_155005_P001_WD02,Demoranville,N/A,N/A,N/A,N/A,N/A
39,20,VAC_155005_P001_WD03,LoRed,N/A,N/A,N/A,N/A,N/A
40,28,VAC_155005_P001_WD04,V11,N/A,N/A,N/A,N/A,N/A
41,36,VAC_155005_P001_WD05,YBS07,N/A,N/A,N/A,N/A,N/A
42,44,VAC_155005_P001_WD06,YBS16,N/A,N/A,N/A,N/A,N/A
43,52,VAC_155005_P001_WD07,MG02,N/A,N/A,N/A,N/A,N/A
44,60,VAC_155005_P001_WD08,CNJ10-4-9,N/A,N/A,N/A,N/A,N/A
45,68,VAC_155005_P001_WD09,QS08,N/A,N/A,N/A,N/A,N/A
46,76,VAC_155005_P001_WD10,WC12-014,N/A,N/A,N/A,N/A,N/A
47,84,VAC_155005_P001_WD11,WC12-112,N/A,N/A,N/A,N/A,N/A
48,92,VAC_155005_P001_WD12,WC12-232,N/A,N/A,N/A,N/A,N/A
49,5,VAC_155005_P001_WE01,Bergman,N/A,N/A,N/A,N/A,N/A
50,13,VAC_155005_P001_WE02,Early Black,N/A,N/A,N/A,N/A,N/A
51,21,VAC_155005_P001_WE03,Mullica Queen,N/A,N/A,N/A,N/A,N/A
52,29,VAC_155005_P001_WE04,Wilcox,N/A,N/A,N/A,N/A,N/A
53,37,VAC_155005_P001_WE05,YBS08,N/A,N/A,N/A,N/A,N/A
54,45,VAC_155005_P001_WE06,YBS17,N/A,N/A,N/A,N/A,N/A
55,53,VAC_155005_P001_WE07,MG03,N/A,N/A,N/A,N/A,N/A
56,61,VAC_155005_P001_WE08,QS01,N/A,N/A,N/A,N/A,N/A
57,69,VAC_155005_P001_WE09,DP14,N/A,N/A,N/A,N/A,N/A
58,77,VAC_155005_P001_WE10,WC12-017,N/A,N/A,N/A,N/A,N/A
59,85,VAC_155005_P001_WE11,WC12-114,N/A,N/A,N/A,N/A,N/A
60,93,VAC_155005_P001_WE12,WC12-280,N/A,N/A,N/A,N/A,N/A
61,6,VAC_155005_P001_WF01,BG,N/A,N/A,N/A,N/A,N/A
62,14,VAC_155005_P001_WF02,Franklin,N/A,N/A,N/A,N/A,N/A
63,22,VAC_155005_P001_WF03,Pilgrim King,N/A,N/A,N/A,N/A,N/A
64,30,VAC_155005_P001_WF04,WSU108,N/A,N/A,N/A,N/A,N/A
65,38,VAC_155005_P001_WF05,YBS09,N/A,N/A,N/A,N/A,N/A
66,46,VAC_155005_P001_WF06,YBS18,N/A,N/A,N/A,N/A,N/A
67,54,VAC_155005_P001_WF07,MG04,N/A,N/A,N/A,N/A,N/A
68,62,VAC_155005_P001_WF08,QS02,N/A,N/A,N/A,N/A,N/A
69,70,VAC_155005_P001_WF09,DP17,N/A,N/A,N/A,N/A,N/A
70,78,VAC_155005_P001_WF10,WC12-032,N/A,N/A,N/A,N/A,N/A
71,86,VAC_155005_P001_WF11,WC12-131,N/A,N/A,N/A,N/A,N/A
72,94,VAC_155005_P001_WF12,WC12-288,N/A,N/A,N/A,N/A,N/A
73,7,VAC_155005_P001_WG01,BG48,N/A,N/A,N/A,N/A,N/A
74,15,VAC_155005_P001_WG02,GH1,N/A,N/A,N/A,N/A,N/A
75,23,VAC_155005_P001_WG03,Potter's Favorite,N/A,N/A,N/A,N/A,N/A
76,31,VAC_155005_P001_WG04,Yellow Bell,N/A,N/A,N/A,N/A,N/A
77,39,VAC_155005_P001_WG05,YBS10,N/A,N/A,N/A,N/A,N/A
78,47,VAC_155005_P001_WG06,YBS19,N/A,N/A,N/A,N/A,N/A
79,55,VAC_155005_P001_WG07,MG07,N/A,N/A,N/A,N/A,N/A
80,63,VAC_155005_P001_WG08,QS03,N/A,N/A,N/A,N/A,N/A
81,71,VAC_155005_P001_WG09,WC16-026,N/A,N/A,N/A,N/A,N/A
82,79,VAC_155005_P001_WG10,WC12-090,N/A,N/A,N/A,N/A,N/A
83,87,VAC_155005_P001_WG11,WC12-132,N/A,N/A,N/A,N/A,N/A
84,95,VAC_155005_P001_WG12,N/A,N/A,N/A,N/A,N/A,N/A
85,8,VAC_155005_P001_WH01,BG-Yellow,N/A,N/A,N/A,N/A,N/A
86,16,VAC_155005_P001_WH02,Harju,N/A,N/A,N/A,N/A,N/A
87,24,VAC_155005_P001_WH03,Ruby Star,N/A,N/A,N/A,N/A,N/A
88,32,VAC_155005_P001_WH04,YBS01,N/A,N/A,N/A,N/A,N/A
89,40,VAC_155005_P001_WH05,YBS11,N/A,N/A,N/A,N/A,N/A
90,48,VAC_155005_P001_WH06,YBS20,N/A,N/A,N/A,N/A,N/A
91,56,VAC_155005_P001_WH07,MG09,N/A,N/A,N/A,N/A,N/A
92,64,VAC_155005_P001_WH08,QS04,N/A,N/A,N/A,N/A,N/A
93,72,VAC_155005_P001_WH09,WC12-001,N/A,N/A,N/A,N/A,N/A
94,80,VAC_155005_P001_WH10,WC12-091,N/A,N/A,N/A,N/A,N/A
95,88,VAC_155005_P001_WH11,WC12-133,N/A,N/A,N/A,N/A,N/A
96,96,VAC_155005_P001_WH12,N/A,N/A,N/A,N/A,N/A,N/A
97,97,VAC_155005_P002_WA01,WC12-332,N/A,N/A,N/A,N/A,N/A
98,105,VAC_155005_P002_WA02,WC16-027,N/A,N/A,N/A,N/A,N/A
99,113,VAC_155005_P002_WA03,WC16-043,N/A,N/A,N/A,N/A,N/A
100,121,VAC_155005_P002_WA04,WC16-061,N/A,N/A,N/A,N/A,N/A
101,129,VAC_155005_P002_WA05,WC16-072,N/A,N/A,N/A,N/A,N/A
102,137,VAC_155005_P002_WA06,D8S,N/A,N/A,N/A,N/A,N/A
103,145,VAC_155005_P002_WA07,BL19,N/A,N/A,N/A,N/A,N/A
104,153,VAC_155005_P002_WA08,Chip17,N/A,N/A,N/A,N/A,N/A
105,161,VAC_155005_P002_WA09,HAWL05,N/A,N/A,N/A,N/A,N/A
106,169,VAC_155005_P002_WA10,LL14,N/A,N/A,N/A,N/A,N/A
107,177,VAC_155005_P002_WA11,LRL02,N/A,N/A,N/A,N/A,N/A
108,185,VAC_155005_P002_WA12,PMW02,N/A,N/A,N/A,N/A,N/A
109,98,VAC_155005_P002_WB01,WC12-1190,N/A,N/A,N/A,N/A,N/A
110,106,VAC_155005_P002_WB02,WC16-029,N/A,N/A,N/A,N/A,N/A
111,114,VAC_155005_P002_WB03,WC16-049,N/A,N/A,N/A,N/A,N/A
112,122,VAC_155005_P002_WB04,WC16-062,N/A,N/A,N/A,N/A,N/A
113,130,VAC_155005_P002_WB05,WC16-073,N/A,N/A,N/A,N/A,N/A
114,138,VAC_155005_P002_WB06,BL03,N/A,N/A,N/A,N/A,N/A
115,146,VAC_155005_P002_WB07,BLM01,N/A,N/A,N/A,N/A,N/A
116,154,VAC_155005_P002_WB08,FRLK12,N/A,N/A,N/A,N/A,N/A
117,162,VAC_155005_P002_WB09,HW05,N/A,N/A,N/A,N/A,N/A
118,170,VAC_155005_P002_WB10,LL15,N/A,N/A,N/A,N/A,N/A
119,178,VAC_155005_P002_WB11,LRL03,N/A,N/A,N/A,N/A,N/A
120,186,VAC_155005_P002_WB12,PMW16,N/A,N/A,N/A,N/A,N/A
121,99,VAC_155005_P002_WC01,WC16-004,N/A,N/A,N/A,N/A,N/A
122,107,VAC_155005_P002_WC02,WC16-034,N/A,N/A,N/A,N/A,N/A
123,115,VAC_155005_P002_WC03,WC16-051,N/A,N/A,N/A,N/A,N/A
124,123,VAC_155005_P002_WC04,WC16-063,N/A,N/A,N/A,N/A,N/A
125,131,VAC_155005_P002_WC05,WC17-001,N/A,N/A,N/A,N/A,N/A
126,139,VAC_155005_P002_WC06,BL04,N/A,N/A,N/A,N/A,N/A
127,147,VAC_155005_P002_WC07,Chip01,N/A,N/A,N/A,N/A,N/A
128,155,VAC_155005_P002_WC08,GYPL17,N/A,N/A,N/A,N/A,N/A
129,163,VAC_155005_P002_WC09,HW12,N/A,N/A,N/A,N/A,N/A
130,171,VAC_155005_P002_WC10,LOLM01,N/A,N/A,N/A,N/A,N/A
131,179,VAC_155005_P002_WC11,LRL04,N/A,N/A,N/A,N/A,N/A
132,187,VAC_155005_P002_WC12,PMW20,N/A,N/A,N/A,N/A,N/A
133,100,VAC_155005_P002_WD01,WC16-011,N/A,N/A,N/A,N/A,N/A
134,108,VAC_155005_P002_WD02,WC16-036,N/A,N/A,N/A,N/A,N/A
135,116,VAC_155005_P002_WD03,WC16-054,N/A,N/A,N/A,N/A,N/A
136,124,VAC_155005_P002_WD04,WC16-066,N/A,N/A,N/A,N/A,N/A
137,132,VAC_155005_P002_WD05,WC17-002,N/A,N/A,N/A,N/A,N/A
138,140,VAC_155005_P002_WD06,BL05,N/A,N/A,N/A,N/A,N/A
139,148,VAC_155005_P002_WD07,Chip03,N/A,N/A,N/A,N/A,N/A
140,156,VAC_155005_P002_WD08,GYPL18,N/A,N/A,N/A,N/A,N/A
141,164,VAC_155005_P002_WD09,KLB17,N/A,N/A,N/A,N/A,N/A
142,172,VAC_155005_P002_WD10,LOLM03,N/A,N/A,N/A,N/A,N/A
143,180,VAC_155005_P002_WD11,LRL05,N/A,N/A,N/A,N/A,N/A
144,188,VAC_155005_P002_WD12,SEB15,N/A,N/A,N/A,N/A,N/A
145,101,VAC_155005_P002_WE01,WC16-014,N/A,N/A,N/A,N/A,N/A
146,109,VAC_155005_P002_WE02,WC16-037,N/A,N/A,N/A,N/A,N/A
147,117,VAC_155005_P002_WE03,WC16-056,N/A,N/A,N/A,N/A,N/A
148,125,VAC_155005_P002_WE04,WC16-067,N/A,N/A,N/A,N/A,N/A
149,133,VAC_155005_P002_WE05,WC17-003,N/A,N/A,N/A,N/A,N/A
150,141,VAC_155005_P002_WE06,BL09,N/A,N/A,N/A,N/A,N/A
151,149,VAC_155005_P002_WE07,Chip05,N/A,N/A,N/A,N/A,N/A
152,157,VAC_155005_P002_WE08,GYPL19,N/A,N/A,N/A,N/A,N/A
153,165,VAC_155005_P002_WE09,LL07,N/A,N/A,N/A,N/A,N/A
154,173,VAC_155005_P002_WE10,LOLM07,N/A,N/A,N/A,N/A,N/A
155,181,VAC_155005_P002_WE11,LRL10,N/A,N/A,N/A,N/A,N/A
156,189,VAC_155005_P002_WE12,SHPL13,N/A,N/A,N/A,N/A,N/A
157,102,VAC_155005_P002_WF01,WC16-017,N/A,N/A,N/A,N/A,N/A
158,110,VAC_155005_P002_WF02,WC16-040,N/A,N/A,N/A,N/A,N/A
159,118,VAC_155005_P002_WF03,WC16-058,N/A,N/A,N/A,N/A,N/A
160,126,VAC_155005_P002_WF04,WC16-068,N/A,N/A,N/A,N/A,N/A
161,134,VAC_155005_P002_WF05,WC17-004,N/A,N/A,N/A,N/A,N/A
162,142,VAC_155005_P002_WF06,BL10,N/A,N/A,N/A,N/A,N/A
163,150,VAC_155005_P002_WF07,Chip07,N/A,N/A,N/A,N/A,N/A
164,158,VAC_155005_P002_WF08,GYPL28,N/A,N/A,N/A,N/A,N/A
165,166,VAC_155005_P002_WF09,LL08,N/A,N/A,N/A,N/A,N/A
166,174,VAC_155005_P002_WF10,LOLM11,N/A,N/A,N/A,N/A,N/A
167,182,VAC_155005_P002_WF11,LRL11,N/A,N/A,N/A,N/A,N/A
168,190,VAC_155005_P002_WF12,WABL04,N/A,N/A,N/A,N/A,N/A
169,103,VAC_155005_P002_WG01,WC16-018,N/A,N/A,N/A,N/A,N/A
170,111,VAC_155005_P002_WG02,WC16-041,N/A,N/A,N/A,N/A,N/A
171,119,VAC_155005_P002_WG03,WC16-059,N/A,N/A,N/A,N/A,N/A
172,127,VAC_155005_P002_WG04,WC16-070,N/A,N/A,N/A,N/A,N/A
173,135,VAC_155005_P002_WG05,A41S-X3,N/A,N/A,N/A,N/A,N/A
174,143,VAC_155005_P002_WG06,BL14,N/A,N/A,N/A,N/A,N/A
175,151,VAC_155005_P002_WG07,Chip08,N/A,N/A,N/A,N/A,N/A
176,159,VAC_155005_P002_WG08,GYPL31,N/A,N/A,N/A,N/A,N/A
177,167,VAC_155005_P002_WG09,LL12,N/A,N/A,N/A,N/A,N/A
178,175,VAC_155005_P002_WG10,LOLM12,N/A,N/A,N/A,N/A,N/A
179,183,VAC_155005_P002_WG11,LRL15,N/A,N/A,N/A,N/A,N/A
180,191,VAC_155005_P002_WG12,N/A,N/A,N/A,N/A,N/A,N/A
181,104,VAC_155005_P002_WH01,WC16-023,N/A,N/A,N/A,N/A,N/A
182,112,VAC_155005_P002_WH02,WC16-042,N/A,N/A,N/A,N/A,N/A
183,120,VAC_155005_P002_WH03,WC16-060,N/A,N/A,N/A,N/A,N/A
184,128,VAC_155005_P002_WH04,WC16-071,N/A,N/A,N/A,N/A,N/A
185,136,VAC_155005_P002_WH05,A41S-X8,N/A,N/A,N/A,N/A,N/A
186,144,VAC_155005_P002_WH06,BL18,N/A,N/A,N/A,N/A,N/A
187,152,VAC_155005_P002_WH07,Chip10,N/A,N/A,N/A,N/A,N/A
188,160,VAC_155005_P002_WH08,GYPL32,N/A,N/A,N/A,N/A,N/A
189,168,VAC_155005_P002_WH09,LL13,N/A,N/A,N/A,N/A,N/A
190,176,VAC_155005_P002_WH10,LRL01,N/A,N/A,N/A,N/A,N/A
191,184,VAC_155005_P002_WH11,LRL18,N/A,N/A,N/A,N/A,N/A
192,192,VAC_155005_P002_WH12,N/A,N/A,N/A,N/A,N/A,N/A
193,193,VAC_155005_P003_WA01,LWP-Unk,N/A,N/A,N/A,N/A,N/A
194,201,VAC_155005_P003_WA02,WC17-022,N/A,N/A,N/A,N/A,N/A
195,209,VAC_155005_P003_WA03,WC17-027-2,N/A,N/A,N/A,N/A,N/A
196,217,VAC_155005_P003_WA04,WC17-037-1,N/A,N/A,N/A,N/A,N/A
197,225,VAC_155005_P003_WA05,WC17-046-1,N/A,N/A,N/A,N/A,N/A
198,233,VAC_155005_P003_WA06,WC17-053-3,N/A,N/A,N/A,N/A,N/A
199,241,VAC_155005_P003_WA07,WC17-065-3,N/A,N/A,N/A,N/A,N/A
200,249,VAC_155005_P003_WA08,WC17-086-1,N/A,N/A,N/A,N/A,N/A
201,257,VAC_155005_P003_WA09,A4S193,N/A,N/A,N/A,N/A,N/A
202,265,VAC_155005_P003_WA10,#35 x HyRed-02,N/A,N/A,N/A,N/A,N/A
203,273,VAC_155005_P003_WA11,#35 x WSU108-06,N/A,N/A,N/A,N/A,N/A
204,281,VAC_155005_P003_WA12,Cranzilla-02,N/A,N/A,N/A,N/A,N/A
205,194,VAC_155005_P003_WB01,WC17-007-1,N/A,N/A,N/A,N/A,N/A
206,202,VAC_155005_P003_WB02,WC17-023-8,N/A,N/A,N/A,N/A,N/A
207,210,VAC_155005_P003_WB03,WC17-027-3,N/A,N/A,N/A,N/A,N/A
208,218,VAC_155005_P003_WB04,WC17-038-1,N/A,N/A,N/A,N/A,N/A
209,226,VAC_155005_P003_WB05,WC17-046-5,N/A,N/A,N/A,N/A,N/A
210,234,VAC_155005_P003_WB06,WC17-053-4,N/A,N/A,N/A,N/A,N/A
211,242,VAC_155005_P003_WB07,WC17-070-1,N/A,N/A,N/A,N/A,N/A
212,250,VAC_155005_P003_WB08,WC17-090-6,N/A,N/A,N/A,N/A,N/A
213,258,VAC_155005_P003_WB09,A4S203,N/A,N/A,N/A,N/A,N/A
214,266,VAC_155005_P003_WB10,#35 x HyRed-03,N/A,N/A,N/A,N/A,N/A
215,274,VAC_155005_P003_WB11,#35 x WSU108-07,N/A,N/A,N/A,N/A,N/A
216,282,VAC_155005_P003_WB12,Cranzilla-03,N/A,N/A,N/A,N/A,N/A
217,195,VAC_155005_P003_WC01,WC17-007-7,N/A,N/A,N/A,N/A,N/A
218,203,VAC_155005_P003_WC02,WC17-024-1,N/A,N/A,N/A,N/A,N/A
219,211,VAC_155005_P003_WC03,WC17-027-4,N/A,N/A,N/A,N/A,N/A
220,219,VAC_155005_P003_WC04,WC17-038-2,N/A,N/A,N/A,N/A,N/A
221,227,VAC_155005_P003_WC05,WC17-047-1,N/A,N/A,N/A,N/A,N/A
222,235,VAC_155005_P003_WC06,WC17-057-2,N/A,N/A,N/A,N/A,N/A
223,243,VAC_155005_P003_WC07,WC17-070-7,N/A,N/A,N/A,N/A,N/A
224,251,VAC_155005_P003_WC08,WC17-099-2,N/A,N/A,N/A,N/A,N/A
225,259,VAC_155005_P003_WC09,A5S097,N/A,N/A,N/A,N/A,N/A
226,267,VAC_155005_P003_WC10,#35 x HyRed-04,N/A,N/A,N/A,N/A,N/A
227,275,VAC_155005_P003_WC11,#35 x WSU108-08,N/A,N/A,N/A,N/A,N/A
228,283,VAC_155005_P003_WC12,Cranzilla-04,N/A,N/A,N/A,N/A,N/A
229,196,VAC_155005_P003_WD01,WC17-008-1,N/A,N/A,N/A,N/A,N/A
230,204,VAC_155005_P003_WD02,WC17-025-1,N/A,N/A,N/A,N/A,N/A
231,212,VAC_155005_P003_WD03,WC17-027-5,N/A,N/A,N/A,N/A,N/A
232,220,VAC_155005_P003_WD04,WC17-039-1,N/A,N/A,N/A,N/A,N/A
233,228,VAC_155005_P003_WD05,WC17-047-3,N/A,N/A,N/A,N/A,N/A
234,236,VAC_155005_P003_WD06,WC17-062-1,N/A,N/A,N/A,N/A,N/A
235,244,VAC_155005_P003_WD07,WC17-072-1,N/A,N/A,N/A,N/A,N/A
236,252,VAC_155005_P003_WD08,WC12-325,N/A,N/A,N/A,N/A,N/A
237,260,VAC_155005_P003_WD09,BLS079,N/A,N/A,N/A,N/A,N/A
238,268,VAC_155005_P003_WD10,#35 x WSU108-01,N/A,N/A,N/A,N/A,N/A
239,276,VAC_155005_P003_WD11,#35 x WSU108-09,N/A,N/A,N/A,N/A,N/A
240,284,VAC_155005_P003_WD12,Cranzilla-05,N/A,N/A,N/A,N/A,N/A
241,197,VAC_155005_P003_WE01,WC17-013-1,N/A,N/A,N/A,N/A,N/A
242,205,VAC_155005_P003_WE02,WC17-025-2,N/A,N/A,N/A,N/A,N/A
243,213,VAC_155005_P003_WE03,WC17-027-6,N/A,N/A,N/A,N/A,N/A
244,221,VAC_155005_P003_WE04,WC17-041-1,N/A,N/A,N/A,N/A,N/A
245,229,VAC_155005_P003_WE05,WC17-047-7,N/A,N/A,N/A,N/A,N/A
246,237,VAC_155005_P003_WE06,WC17-063,N/A,N/A,N/A,N/A,N/A
247,245,VAC_155005_P003_WE07,WC17-074-3,N/A,N/A,N/A,N/A,N/A
248,253,VAC_155005_P003_WE08,WC12-326,N/A,N/A,N/A,N/A,N/A
249,261,VAC_155005_P003_WE09,BLS210,N/A,N/A,N/A,N/A,N/A
250,269,VAC_155005_P003_WE10,#35 x WSU108-02,N/A,N/A,N/A,N/A,N/A
251,277,VAC_155005_P003_WE11,#35 x WSU108-10,N/A,N/A,N/A,N/A,N/A
252,285,VAC_155005_P003_WE12,Cranzilla-06,N/A,N/A,N/A,N/A,N/A
253,198,VAC_155005_P003_WF01,WC17-013-5,N/A,N/A,N/A,N/A,N/A
254,206,VAC_155005_P003_WF02,WC17-026-3,N/A,N/A,N/A,N/A,N/A
255,214,VAC_155005_P003_WF03,WC17-027-7,N/A,N/A,N/A,N/A,N/A
256,222,VAC_155005_P003_WF04,WC17-042-1,N/A,N/A,N/A,N/A,N/A
257,230,VAC_155005_P003_WF05,WC17-050-3,N/A,N/A,N/A,N/A,N/A
258,238,VAC_155005_P003_WF06,WC17-064,N/A,N/A,N/A,N/A,N/A
259,246,VAC_155005_P003_WF07,WC17-074-5,N/A,N/A,N/A,N/A,N/A
260,254,VAC_155005_P003_WF08,WABL06,N/A,N/A,N/A,N/A,N/A
261,262,VAC_155005_P003_WF09,BLS211,N/A,N/A,N/A,N/A,N/A
262,270,VAC_155005_P003_WF10,#35 x WSU108-03,N/A,N/A,N/A,N/A,N/A
263,278,VAC_155005_P003_WF11,#35 x WSU108-11,N/A,N/A,N/A,N/A,N/A
264,286,VAC_155005_P003_WF12,Cranzilla-07,N/A,N/A,N/A,N/A,N/A
265,199,VAC_155005_P003_WG01,WC17-014-1,N/A,N/A,N/A,N/A,N/A
266,207,VAC_155005_P003_WG02,WC17-026-6,N/A,N/A,N/A,N/A,N/A
267,215,VAC_155005_P003_WG03,WC17-036-1,N/A,N/A,N/A,N/A,N/A
268,223,VAC_155005_P003_WG04,WC17-043-1,N/A,N/A,N/A,N/A,N/A
269,231,VAC_155005_P003_WG05,WC17-052-1,N/A,N/A,N/A,N/A,N/A
270,239,VAC_155005_P003_WG06,WC17-065-1,N/A,N/A,N/A,N/A,N/A
271,247,VAC_155005_P003_WG07,WC17-079-4,N/A,N/A,N/A,N/A,N/A
272,255,VAC_155005_P003_WG08,WABL11,N/A,N/A,N/A,N/A,N/A
273,263,VAC_155005_P003_WG09,PGS108,N/A,N/A,N/A,N/A,N/A
274,271,VAC_155005_P003_WG10,#35 x WSU108-04,N/A,N/A,N/A,N/A,N/A
275,279,VAC_155005_P003_WG11,#35 x WSU108-12,N/A,N/A,N/A,N/A,N/A
276,287,VAC_155005_P003_WG12,N/A,N/A,N/A,N/A,N/A,N/A
277,200,VAC_155005_P003_WH01,WC17-020-3,N/A,N/A,N/A,N/A,N/A
278,208,VAC_155005_P003_WH02,WC17-027-1,N/A,N/A,N/A,N/A,N/A
279,216,VAC_155005_P003_WH03,WC17-036-7,N/A,N/A,N/A,N/A,N/A
280,224,VAC_155005_P003_WH04,WC17-043-8,N/A,N/A,N/A,N/A,N/A
281,232,VAC_155005_P003_WH05,WC17-052-3,N/A,N/A,N/A,N/A,N/A
282,240,VAC_155005_P003_WH06,WC17-065-2,N/A,N/A,N/A,N/A,N/A
283,248,VAC_155005_P003_WH07,WC17-081-1,N/A,N/A,N/A,N/A,N/A
284,256,VAC_155005_P003_WH08,A4S109,N/A,N/A,N/A,N/A,N/A
285,264,VAC_155005_P003_WH09,#35 x HyRed-01,N/A,N/A,N/A,N/A,N/A
286,272,VAC_155005_P003_WH10,#35 x WSU108-05,N/A,N/A,N/A,N/A,N/A
287,280,VAC_155005_P003_WH11,Cranzilla-01,N/A,N/A,N/A,N/A,N/A
288,288,VAC_155005_P003_WH12,N/A,N/A,N/A,N/A,N/A,N/A
289,289,VAC_155005_P004_WA01,Cranzilla-08,N/A,N/A,N/A,N/A,N/A
290,297,VAC_155005_P004_WA02,ST x BL8-03,N/A,N/A,N/A,N/A,N/A
291,305,VAC_155005_P004_WA03,ST x BL8-11,N/A,N/A,N/A,N/A,N/A
292,313,VAC_155005_P004_WA04,ST x BL8-19,N/A,N/A,N/A,N/A,N/A
293,321,VAC_155005_P004_WA05,ST x BL8-27,N/A,N/A,N/A,N/A,N/A
294,329,VAC_155005_P004_WA06,ST x BL8-35,N/A,N/A,N/A,N/A,N/A
295,337,VAC_155005_P004_WA07,ST x BL8-43,N/A,N/A,N/A,N/A,N/A
296,345,VAC_155005_P004_WA08,ST x BL8-51,N/A,N/A,N/A,N/A,N/A
297,353,VAC_155005_P004_WA09,BL05-1-2,N/A,N/A,N/A,N/A,N/A
298,361,VAC_155005_P004_WA10,CNJ12-56-07,N/A,N/A,N/A,N/A,N/A
299,369,VAC_155005_P004_WA11,CNJ08-233-12,N/A,N/A,N/A,N/A,N/A
300,377,VAC_155005_P004_WA12,CNJ12-56-43,N/A,N/A,N/A,N/A,N/A
301,290,VAC_155005_P004_WB01,Cranzilla-09,N/A,N/A,N/A,N/A,N/A
302,298,VAC_155005_P004_WB02,ST x BL8-04,N/A,N/A,N/A,N/A,N/A
303,306,VAC_155005_P004_WB03,ST x BL8-12,N/A,N/A,N/A,N/A,N/A
304,314,VAC_155005_P004_WB04,ST x BL8-20,N/A,N/A,N/A,N/A,N/A
305,322,VAC_155005_P004_WB05,ST x BL8-28,N/A,N/A,N/A,N/A,N/A
306,330,VAC_155005_P004_WB06,ST x BL8-36,N/A,N/A,N/A,N/A,N/A
307,338,VAC_155005_P004_WB07,ST x BL8-44,N/A,N/A,N/A,N/A,N/A
308,346,VAC_155005_P004_WB08,ST x BL8-52,N/A,N/A,N/A,N/A,N/A
309,354,VAC_155005_P004_WB09,WC12-101,N/A,N/A,N/A,N/A,N/A
310,362,VAC_155005_P004_WB10,CNJ08-233-47,N/A,N/A,N/A,N/A,N/A
311,370,VAC_155005_P004_WB11,CNJ08-233-15,N/A,N/A,N/A,N/A,N/A
312,378,VAC_155005_P004_WB12,CNJ08-233-46,N/A,N/A,N/A,N/A,N/A
313,291,VAC_155005_P004_WC01,Cranzilla-10,N/A,N/A,N/A,N/A,N/A
314,299,VAC_155005_P004_WC02,ST x BL8-05,N/A,N/A,N/A,N/A,N/A
315,307,VAC_155005_P004_WC03,ST x BL8-13,N/A,N/A,N/A,N/A,N/A
316,315,VAC_155005_P004_WC04,ST x BL8-21,N/A,N/A,N/A,N/A,N/A
317,323,VAC_155005_P004_WC05,ST x BL8-29,N/A,N/A,N/A,N/A,N/A
318,331,VAC_155005_P004_WC06,ST x BL8-37,N/A,N/A,N/A,N/A,N/A
319,339,VAC_155005_P004_WC07,ST x BL8-45,N/A,N/A,N/A,N/A,N/A
320,347,VAC_155005_P004_WC08,ST x BL8-53,N/A,N/A,N/A,N/A,N/A
321,355,VAC_155005_P004_WC09,WC12-280B,N/A,N/A,N/A,N/A,N/A
322,363,VAC_155005_P004_WC10,CNJ04-23-9,N/A,N/A,N/A,N/A,N/A
323,371,VAC_155005_P004_WC11,CNJ08-233-62,N/A,N/A,N/A,N/A,N/A
324,379,VAC_155005_P004_WC12,CNJ08-233-81,N/A,N/A,N/A,N/A,N/A
325,292,VAC_155005_P004_WD01,Cranzilla-11,N/A,N/A,N/A,N/A,N/A
326,300,VAC_155005_P004_WD02,ST x BL8-06,N/A,N/A,N/A,N/A,N/A
327,308,VAC_155005_P004_WD03,ST x BL8-14,N/A,N/A,N/A,N/A,N/A
328,316,VAC_155005_P004_WD04,ST x BL8-22,N/A,N/A,N/A,N/A,N/A
329,324,VAC_155005_P004_WD05,ST x BL8-30,N/A,N/A,N/A,N/A,N/A
330,332,VAC_155005_P004_WD06,ST x BL8-38,N/A,N/A,N/A,N/A,N/A
331,340,VAC_155005_P004_WD07,ST x BL8-46,N/A,N/A,N/A,N/A,N/A
332,348,VAC_155005_P004_WD08,ST x BL8-54,N/A,N/A,N/A,N/A,N/A
333,356,VAC_155005_P004_WD09,CNJ05-34-40,N/A,N/A,N/A,N/A,N/A
334,364,VAC_155005_P004_WD10,CNJ08-233-1,N/A,N/A,N/A,N/A,N/A
335,372,VAC_155005_P004_WD11,CNJ12-56-31,N/A,N/A,N/A,N/A,N/A
336,380,VAC_155005_P004_WD12,CNJ12-56-50,N/A,N/A,N/A,N/A,N/A
337,293,VAC_155005_P004_WE01,Cranzilla-12,N/A,N/A,N/A,N/A,N/A
338,301,VAC_155005_P004_WE02,ST x BL8-07,N/A,N/A,N/A,N/A,N/A
339,309,VAC_155005_P004_WE03,ST x BL8-15,N/A,N/A,N/A,N/A,N/A
340,317,VAC_155005_P004_WE04,ST x BL8-23,N/A,N/A,N/A,N/A,N/A
341,325,VAC_155005_P004_WE05,ST x BL8-31,N/A,N/A,N/A,N/A,N/A
342,333,VAC_155005_P004_WE06,ST x BL8-39,N/A,N/A,N/A,N/A,N/A
343,341,VAC_155005_P004_WE07,ST x BL8-47,N/A,N/A,N/A,N/A,N/A
344,349,VAC_155005_P004_WE08,ST x BL8-55,N/A,N/A,N/A,N/A,N/A
345,357,VAC_155005_P004_WE09,CNJ12-56-02,N/A,N/A,N/A,N/A,N/A
346,365,VAC_155005_P004_WE10,CNJ12-56-13,N/A,N/A,N/A,N/A,N/A
347,373,VAC_155005_P004_WE11,CNJ08-233-54,N/A,N/A,N/A,N/A,N/A
348,381,VAC_155005_P004_WE12,CNJ12-56-51,N/A,N/A,N/A,N/A,N/A
349,294,VAC_155005_P004_WF01,HyRed x WSU108-1,N/A,N/A,N/A,N/A,N/A
350,302,VAC_155005_P004_WF02,ST x BL8-08,N/A,N/A,N/A,N/A,N/A
351,310,VAC_155005_P004_WF03,ST x BL8-16,N/A,N/A,N/A,N/A,N/A
352,318,VAC_155005_P004_WF04,ST x BL8-24,N/A,N/A,N/A,N/A,N/A
353,326,VAC_155005_P004_WF05,ST x BL8-32,N/A,N/A,N/A,N/A,N/A
354,334,VAC_155005_P004_WF06,ST x BL8-40,N/A,N/A,N/A,N/A,N/A
355,342,VAC_155005_P004_WF07,ST x BL8-48,N/A,N/A,N/A,N/A,N/A
356,350,VAC_155005_P004_WF08,ST x BL8-56,N/A,N/A,N/A,N/A,N/A
357,358,VAC_155005_P004_WF09,CNJ12-56-04,N/A,N/A,N/A,N/A,N/A
358,366,VAC_155005_P004_WF10,CNJ12-56-14,N/A,N/A,N/A,N/A,N/A
359,374,VAC_155005_P004_WF11,CNJ08-233-35,N/A,N/A,N/A,N/A,N/A
360,382,VAC_155005_P004_WF12,CNJ12-56-52,N/A,N/A,N/A,N/A,N/A
361,295,VAC_155005_P004_WG01,ST x BL8-01,N/A,N/A,N/A,N/A,N/A
362,303,VAC_155005_P004_WG02,ST x BL8-09,N/A,N/A,N/A,N/A,N/A
363,311,VAC_155005_P004_WG03,ST x BL8-17,N/A,N/A,N/A,N/A,N/A
364,319,VAC_155005_P004_WG04,ST x BL8-25,N/A,N/A,N/A,N/A,N/A
365,327,VAC_155005_P004_WG05,ST x BL8-33,N/A,N/A,N/A,N/A,N/A
366,335,VAC_155005_P004_WG06,ST x BL8-41,N/A,N/A,N/A,N/A,N/A
367,343,VAC_155005_P004_WG07,ST x BL8-49,N/A,N/A,N/A,N/A,N/A
368,351,VAC_155005_P004_WG08,ST x BL8-58,N/A,N/A,N/A,N/A,N/A
369,359,VAC_155005_P004_WG09,CNJ12-56-05,N/A,N/A,N/A,N/A,N/A
370,367,VAC_155005_P004_WG10,CNJ12-56-17,N/A,N/A,N/A,N/A,N/A
371,375,VAC_155005_P004_WG11,CNJ08-233-57,N/A,N/A,N/A,N/A,N/A
372,383,VAC_155005_P004_WG12,N/A,N/A,N/A,N/A,N/A,N/A
373,296,VAC_155005_P004_WH01,ST x BL8-02,N/A,N/A,N/A,N/A,N/A
374,304,VAC_155005_P004_WH02,ST x BL8-10,N/A,N/A,N/A,N/A,N/A
375,312,VAC_155005_P004_WH03,ST x BL8-18,N/A,N/A,N/A,N/A,N/A
376,320,VAC_155005_P004_WH04,ST x BL8-26,N/A,N/A,N/A,N/A,N/A
377,328,VAC_155005_P004_WH05,ST x BL8-34,N/A,N/A,N/A,N/A,N/A
378,336,VAC_155005_P004_WH06,ST x BL8-42,N/A,N/A,N/A,N/A,N/A
379,344,VAC_155005_P004_WH07,ST x BL8-50,N/A,N/A,N/A,N/A,N/A
380,352,VAC_155005_P004_WH08,BL05-1-1,N/A,N/A,N/A,N/A,N/A
381,360,VAC_155005_P004_WH09,CNJ12-56-06,N/A,N/A,N/A,N/A,N/A
382,368,VAC_155005_P004_WH10,CNJ08-233-38,N/A,N/A,N/A,N/A,N/A
383,376,VAC_155005_P004_WH11,CNJ08-233-58,N/A,N/A,N/A,N/A,N/A
384,384,VAC_155005_P004_WH12,N/A,N/A,N/A,N/A,N/A,N/A
385,385,VAC_155005_P005_WA01,CNJ12-56-54,N/A,N/A,N/A,N/A,N/A
386,393,VAC_155005_P005_WA02,CNJ12-56-68,N/A,N/A,N/A,N/A,N/A
387,401,VAC_155005_P005_WA03,CNJ12-56-102,N/A,N/A,N/A,N/A,N/A
388,409,VAC_155005_P005_WA04,CNJ08-233-41,N/A,N/A,N/A,N/A,N/A
389,417,VAC_155005_P005_WA05,CNJ12-56-137,N/A,N/A,N/A,N/A,N/A
390,425,VAC_155005_P005_WA06,CNJ12-56-148,N/A,N/A,N/A,N/A,N/A
391,433,VAC_155005_P005_WA07,CNJ08-233-36,N/A,N/A,N/A,N/A,N/A
392,441,VAC_155005_P005_WA08,CNJ08-233-79,N/A,N/A,N/A,N/A,N/A
393,449,VAC_155005_P005_WA09,CNJ12-56-200,N/A,N/A,N/A,N/A,N/A
394,457,VAC_155005_P005_WA10,CNJ12-58-09,N/A,N/A,N/A,N/A,N/A
395,465,VAC_155005_P005_WA11,CNJ12-58-20,N/A,N/A,N/A,N/A,N/A
396,473,VAC_155005_P005_WA12,CNJ12-58-28,N/A,N/A,N/A,N/A,N/A
397,386,VAC_155005_P005_WB01,CNJ04-23-7,N/A,N/A,N/A,N/A,N/A
398,394,VAC_155005_P005_WB02,CNJ08-233-69,N/A,N/A,N/A,N/A,N/A
399,402,VAC_155005_P005_WB03,CNJ12-56-105,N/A,N/A,N/A,N/A,N/A
400,410,VAC_155005_P005_WB04,CNJ08-233-24,N/A,N/A,N/A,N/A,N/A
401,418,VAC_155005_P005_WB05,CNJ12-56-139,N/A,N/A,N/A,N/A,N/A
402,426,VAC_155005_P005_WB06,CNJ12-56-150,N/A,N/A,N/A,N/A,N/A
403,434,VAC_155005_P005_WB07,CNJ12-56-172,N/A,N/A,N/A,N/A,N/A
404,442,VAC_155005_P005_WB08,CNJ12-56-190,N/A,N/A,N/A,N/A,N/A
405,450,VAC_155005_P005_WB09,CNJ12-56-202,N/A,N/A,N/A,N/A,N/A
406,458,VAC_155005_P005_WB10,CNJ12-58-10,N/A,N/A,N/A,N/A,N/A
407,466,VAC_155005_P005_WB11,CNJ12-58-21,N/A,N/A,N/A,N/A,N/A
408,474,VAC_155005_P005_WB12,CNJ12-58-29,N/A,N/A,N/A,N/A,N/A
409,387,VAC_155005_P005_WC01,CNJ12-56-56,N/A,N/A,N/A,N/A,N/A
410,395,VAC_155005_P005_WC02,CNJ12-56-71,N/A,N/A,N/A,N/A,N/A
411,403,VAC_155005_P005_WC03,CNJ12-56-106,N/A,N/A,N/A,N/A,N/A
412,411,VAC_155005_P005_WC04,CNJ08-233-26,N/A,N/A,N/A,N/A,N/A
413,419,VAC_155005_P005_WC05,CNJ12-56-141,N/A,N/A,N/A,N/A,N/A
414,427,VAC_155005_P005_WC06,CNJ12-56-153,N/A,N/A,N/A,N/A,N/A
415,435,VAC_155005_P005_WC07,CNJ08-233-49,N/A,N/A,N/A,N/A,N/A
416,443,VAC_155005_P005_WC08,CNJ12-56-191,N/A,N/A,N/A,N/A,N/A
417,451,VAC_155005_P005_WC09,CNJ12-58-01,N/A,N/A,N/A,N/A,N/A
418,459,VAC_155005_P005_WC10,CNJ12-58-11,N/A,N/A,N/A,N/A,N/A
419,467,VAC_155005_P005_WC11,CNJ12-58-22,N/A,N/A,N/A,N/A,N/A
420,475,VAC_155005_P005_WC12,CNJ12-58-30,N/A,N/A,N/A,N/A,N/A
421,388,VAC_155005_P005_WD01,CNJ12-56-58,N/A,N/A,N/A,N/A,N/A
422,396,VAC_155005_P005_WD02,CNJ12-56-73,N/A,N/A,N/A,N/A,N/A
423,404,VAC_155005_P005_WD03,CNJ12-56-108,N/A,N/A,N/A,N/A,N/A
424,412,VAC_155005_P005_WD04,CNJ12-56-124,N/A,N/A,N/A,N/A,N/A
425,420,VAC_155005_P005_WD05,CNJ12-56-142,N/A,N/A,N/A,N/A,N/A
426,428,VAC_155005_P005_WD06,CNJ12-56-154,N/A,N/A,N/A,N/A,N/A
427,436,VAC_155005_P005_WD07,CNJ12-56-179,N/A,N/A,N/A,N/A,N/A
428,444,VAC_155005_P005_WD08,CNJ12-56-192,N/A,N/A,N/A,N/A,N/A
429,452,VAC_155005_P005_WD09,CNJ08-233-43,N/A,N/A,N/A,N/A,N/A
430,460,VAC_155005_P005_WD10,CNJ12-58-12,N/A,N/A,N/A,N/A,N/A
431,468,VAC_155005_P005_WD11,CNJ12-58-23,N/A,N/A,N/A,N/A,N/A
432,476,VAC_155005_P005_WD12,CNJ12-58-31,N/A,N/A,N/A,N/A,N/A
433,389,VAC_155005_P005_WE01,CNJ12-56-59,N/A,N/A,N/A,N/A,N/A
434,397,VAC_155005_P005_WE02,CNJ08-233-71,N/A,N/A,N/A,N/A,N/A
435,405,VAC_155005_P005_WE03,CNJ08-233-21,N/A,N/A,N/A,N/A,N/A
436,413,VAC_155005_P005_WE04,CNJ12-56-129,N/A,N/A,N/A,N/A,N/A
437,421,VAC_155005_P005_WE05,CNJ12-56-143,N/A,N/A,N/A,N/A,N/A
438,429,VAC_155005_P005_WE06,CNJ12-56-155,N/A,N/A,N/A,N/A,N/A
439,437,VAC_155005_P005_WE07,CNJ08-233-37,N/A,N/A,N/A,N/A,N/A
440,445,VAC_155005_P005_WE08,CNJ12-56-195,N/A,N/A,N/A,N/A,N/A
441,453,VAC_155005_P005_WE09,CNJ12-58-03,N/A,N/A,N/A,N/A,N/A
442,461,VAC_155005_P005_WE10,CNJ12-58-13,N/A,N/A,N/A,N/A,N/A
443,469,VAC_155005_P005_WE11,CNJ12-58-24,N/A,N/A,N/A,N/A,N/A
444,477,VAC_155005_P005_WE12,CNJ12-58-32,N/A,N/A,N/A,N/A,N/A
445,390,VAC_155005_P005_WF01,CNJ08-233-64,N/A,N/A,N/A,N/A,N/A
446,398,VAC_155005_P005_WF02,CNJ12-56-77,N/A,N/A,N/A,N/A,N/A
447,406,VAC_155005_P005_WF03,CNJ08-233-23,N/A,N/A,N/A,N/A,N/A
448,414,VAC_155005_P005_WF04,CNJ12-56-130,N/A,N/A,N/A,N/A,N/A
449,422,VAC_155005_P005_WF05,CNJ12-56-144,N/A,N/A,N/A,N/A,N/A
450,430,VAC_155005_P005_WF06,CNJ08-233-32,N/A,N/A,N/A,N/A,N/A
451,438,VAC_155005_P005_WF07,CNJ12-56-185,N/A,N/A,N/A,N/A,N/A
452,446,VAC_155005_P005_WF08,CNJ12-56-196,N/A,N/A,N/A,N/A,N/A
453,454,VAC_155005_P005_WF09,CNJ12-58-04,N/A,N/A,N/A,N/A,N/A
454,462,VAC_155005_P005_WF10,CNJ12-58-15,N/A,N/A,N/A,N/A,N/A
455,470,VAC_155005_P005_WF11,CNJ12-58-25,N/A,N/A,N/A,N/A,N/A
456,478,VAC_155005_P005_WF12,CNJ12-58-33,N/A,N/A,N/A,N/A,N/A
457,391,VAC_155005_P005_WG01,CNJ08-233-73,N/A,N/A,N/A,N/A,N/A
458,399,VAC_155005_P005_WG02,CNJ12-56-85,N/A,N/A,N/A,N/A,N/A
459,407,VAC_155005_P005_WG03,CNJ12-56-113,N/A,N/A,N/A,N/A,N/A
460,415,VAC_155005_P005_WG04,CNJ08-233-31,N/A,N/A,N/A,N/A,N/A
461,423,VAC_155005_P005_WG05,CNJ12-56-145,N/A,N/A,N/A,N/A,N/A
462,431,VAC_155005_P005_WG06,CNJ12-56-161,N/A,N/A,N/A,N/A,N/A
463,439,VAC_155005_P005_WG07,CNJ12-56-186,N/A,N/A,N/A,N/A,N/A
464,447,VAC_155005_P005_WG08,CNJ12-56-197,N/A,N/A,N/A,N/A,N/A
465,455,VAC_155005_P005_WG09,CNJ12-58-05,N/A,N/A,N/A,N/A,N/A
466,463,VAC_155005_P005_WG10,CNJ12-58-16,N/A,N/A,N/A,N/A,N/A
467,471,VAC_155005_P005_WG11,CNJ12-58-26,N/A,N/A,N/A,N/A,N/A
468,479,VAC_155005_P005_WG12,N/A,N/A,N/A,N/A,N/A,N/A
469,392,VAC_155005_P005_WH01,CNJ12-56-67,N/A,N/A,N/A,N/A,N/A
470,400,VAC_155005_P005_WH02,CNJ08-233-19,N/A,N/A,N/A,N/A,N/A
471,408,VAC_155005_P005_WH03,CNJ08-233-51,N/A,N/A,N/A,N/A,N/A
472,416,VAC_155005_P005_WH04,CNJ12-56-135,N/A,N/A,N/A,N/A,N/A
473,424,VAC_155005_P005_WH05,CNJ12-56-147,N/A,N/A,N/A,N/A,N/A
474,432,VAC_155005_P005_WH06,CNJ12-56-162,N/A,N/A,N/A,N/A,N/A
475,440,VAC_155005_P005_WH07,CNJ12-56-188,N/A,N/A,N/A,N/A,N/A
476,448,VAC_155005_P005_WH08,CNJ08-233-74,N/A,N/A,N/A,N/A,N/A
477,456,VAC_155005_P005_WH09,CNJ12-58-07,N/A,N/A,N/A,N/A,N/A
478,464,VAC_155005_P005_WH10,CNJ12-58-17,N/A,N/A,N/A,N/A,N/A
479,472,VAC_155005_P005_WH11,CNJ12-58-27,N/A,N/A,N/A,N/A,N/A
480,480,VAC_155005_P005_WH12,N/A,N/A,N/A,N/A,N/A,N/A
481,481,VAC_155005_P006_WA01,N/A,N/A,N/A,N/A,N/A,N/A
482,489,VAC_155005_P006_WA02,N/A,N/A,N/A,N/A,N/A,N/A
483,497,VAC_155005_P006_WA03,N/A,N/A,N/A,N/A,N/A,N/A
484,505,VAC_155005_P006_WA04,N/A,N/A,N/A,N/A,N/A,N/A
485,513,VAC_155005_P006_WA05,N/A,N/A,N/A,N/A,N/A,N/A
486,521,VAC_155005_P006_WA06,N/A,N/A,N/A,N/A,N/A,N/A
487,529,VAC_155005_P006_WA07,N/A,N/A,N/A,N/A,N/A,N/A
488,537,VAC_155005_P006_WA08,N/A,N/A,N/A,N/A,N/A,N/A
489,545,VAC_155005_P006_WA09,N/A,N/A,N/A,N/A,N/A,N/A
490,553,VAC_155005_P006_WA10,N/A,N/A,N/A,N/A,N/A,N/A
491,561,VAC_155005_P006_WA11,N/A,N/A,N/A,N/A,N/A,N/A
492,569,VAC_155005_P006_WA12,N/A,N/A,N/A,N/A,N/A,N/A
493,482,VAC_155005_P006_WB01,N/A,N/A,N/A,N/A,N/A,N/A
494,490,VAC_155005_P006_WB02,N/A,N/A,N/A,N/A,N/A,N/A
495,498,VAC_155005_P006_WB03,N/A,N/A,N/A,N/A,N/A,N/A
496,506,VAC_155005_P006_WB04,N/A,N/A,N/A,N/A,N/A,N/A
497,514,VAC_155005_P006_WB05,N/A,N/A,N/A,N/A,N/A,N/A
498,522,VAC_155005_P006_WB06,N/A,N/A,N/A,N/A,N/A,N/A
499,530,VAC_155005_P006_WB07,N/A,N/A,N/A,N/A,N/A,N/A
500,538,VAC_155005_P006_WB08,N/A,N/A,N/A,N/A,N/A,N/A
501,546,VAC_155005_P006_WB09,N/A,N/A,N/A,N/A,N/A,N/A
502,554,VAC_155005_P006_WB10,N/A,N/A,N/A,N/A,N/A,N/A
503,562,VAC_155005_P006_WB11,N/A,N/A,N/A,N/A,N/A,N/A
504,570,VAC_155005_P006_WB12,N/A,N/A,N/A,N/A,N/A,N/A
505,483,VAC_155005_P006_WC01,N/A,N/A,N/A,N/A,N/A,N/A
506,491,VAC_155005_P006_WC02,N/A,N/A,N/A,N/A,N/A,N/A
507,499,VAC_155005_P006_WC03,N/A,N/A,N/A,N/A,N/A,N/A
508,507,VAC_155005_P006_WC04,N/A,N/A,N/A,N/A,N/A,N/A
509,515,VAC_155005_P006_WC05,N/A,N/A,N/A,N/A,N/A,N/A
510,523,VAC_155005_P006_WC06,N/A,N/A,N/A,N/A,N/A,N/A
511,531,VAC_155005_P006_WC07,N/A,N/A,N/A,N/A,N/A,N/A
512,539,VAC_155005_P006_WC08,N/A,N/A,N/A,N/A,N/A,N/A
513,547,VAC_155005_P006_WC09,N/A,N/A,N/A,N/A,N/A,N/A
514,555,VAC_155005_P006_WC10,N/A,N/A,N/A,N/A,N/A,N/A
515,563,VAC_155005_P006_WC11,N/A,N/A,N/A,N/A,N/A,N/A
516,571,VAC_155005_P006_WC12,N/A,N/A,N/A,N/A,N/A,N/A
517,484,VAC_155005_P006_WD01,N/A,N/A,N/A,N/A,N/A,N/A
518,492,VAC_155005_P006_WD02,N/A,N/A,N/A,N/A,N/A,N/A
519,500,VAC_155005_P006_WD03,N/A,N/A,N/A,N/A,N/A,N/A
520,508,VAC_155005_P006_WD04,N/A,N/A,N/A,N/A,N/A,N/A
521,516,VAC_155005_P006_WD05,N/A,N/A,N/A,N/A,N/A,N/A
522,524,VAC_155005_P006_WD06,N/A,N/A,N/A,N/A,N/A,N/A
523,532,VAC_155005_P006_WD07,N/A,N/A,N/A,N/A,N/A,N/A
524,540,VAC_155005_P006_WD08,N/A,N/A,N/A,N/A,N/A,N/A
525,548,VAC_155005_P006_WD09,N/A,N/A,N/A,N/A,N/A,N/A
526,556,VAC_155005_P006_WD10,N/A,N/A,N/A,N/A,N/A,N/A
527,564,VAC_155005_P006_WD11,N/A,N/A,N/A,N/A,N/A,N/A
528,572,VAC_155005_P006_WD12,N/A,N/A,N/A,N/A,N/A,N/A
529,485,VAC_155005_P006_WE01,N/A,N/A,N/A,N/A,N/A,N/A
530,493,VAC_155005_P006_WE02,N/A,N/A,N/A,N/A,N/A,N/A
531,501,VAC_155005_P006_WE03,N/A,N/A,N/A,N/A,N/A,N/A
532,509,VAC_155005_P006_WE04,N/A,N/A,N/A,N/A,N/A,N/A
533,517,VAC_155005_P006_WE05,N/A,N/A,N/A,N/A,N/A,N/A
534,525,VAC_155005_P006_WE06,N/A,N/A,N/A,N/A,N/A,N/A
535,533,VAC_155005_P006_WE07,N/A,N/A,N/A,N/A,N/A,N/A
536,541,VAC_155005_P006_WE08,N/A,N/A,N/A,N/A,N/A,N/A
537,549,VAC_155005_P006_WE09,N/A,N/A,N/A,N/A,N/A,N/A
538,557,VAC_155005_P006_WE10,N/A,N/A,N/A,N/A,N/A,N/A
539,565,VAC_155005_P006_WE11,N/A,N/A,N/A,N/A,N/A,N/A
540,573,VAC_155005_P006_WE12,N/A,N/A,N/A,N/A,N/A,N/A
541,486,VAC_155005_P006_WF01,N/A,N/A,N/A,N/A,N/A,N/A
542,494,VAC_155005_P006_WF02,N/A,N/A,N/A,N/A,N/A,N/A
543,502,VAC_155005_P006_WF03,N/A,N/A,N/A,N/A,N/A,N/A
544,510,VAC_155005_P006_WF04,N/A,N/A,N/A,N/A,N/A,N/A
545,518,VAC_155005_P006_WF05,N/A,N/A,N/A,N/A,N/A,N/A
546,526,VAC_155005_P006_WF06,N/A,N/A,N/A,N/A,N/A,N/A
547,534,VAC_155005_P006_WF07,N/A,N/A,N/A,N/A,N/A,N/A
548,542,VAC_155005_P006_WF08,N/A,N/A,N/A,N/A,N/A,N/A
549,550,VAC_155005_P006_WF09,N/A,N/A,N/A,N/A,N/A,N/A
550,558,VAC_155005_P006_WF10,N/A,N/A,N/A,N/A,N/A,N/A
551,566,VAC_155005_P006_WF11,N/A,N/A,N/A,N/A,N/A,N/A
552,574,VAC_155005_P006_WF12,N/A,N/A,N/A,N/A,N/A,N/A
553,487,VAC_155005_P006_WG01,N/A,N/A,N/A,N/A,N/A,N/A
554,495,VAC_155005_P006_WG02,N/A,N/A,N/A,N/A,N/A,N/A
555,503,VAC_155005_P006_WG03,N/A,N/A,N/A,N/A,N/A,N/A
556,511,VAC_155005_P006_WG04,N/A,N/A,N/A,N/A,N/A,N/A
557,519,VAC_155005_P006_WG05,N/A,N/A,N/A,N/A,N/A,N/A
558,527,VAC_155005_P006_WG06,N/A,N/A,N/A,N/A,N/A,N/A
559,535,VAC_155005_P006_WG07,N/A,N/A,N/A,N/A,N/A,N/A
560,543,VAC_155005_P006_WG08,N/A,N/A,N/A,N/A,N/A,N/A
561,551,VAC_155005_P006_WG09,N/A,N/A,N/A,N/A,N/A,N/A
562,559,VAC_155005_P006_WG10,N/A,N/A,N/A,N/A,N/A,N/A
563,567,VAC_155005_P006_WG11,N/A,N/A,N/A,N/A,N/A,N/A
564,575,VAC_155005_P006_WG12,N/A,N/A,N/A,N/A,N/A,N/A
565,488,VAC_155005_P006_WH01,N/A,N/A,N/A,N/A,N/A,N/A
566,496,VAC_155005_P006_WH02,N/A,N/A,N/A,N/A,N/A,N/A
567,504,VAC_155005_P006_WH03,N/A,N/A,N/A,N/A,N/A,N/A
568,512,VAC_155005_P006_WH04,N/A,N/A,N/A,N/A,N/A,N/A
569,520,VAC_155005_P006_WH05,N/A,N/A,N/A,N/A,N/A,N/A
570,528,VAC_155005_P006_WH06,N/A,N/A,N/A,N/A,N/A,N/A
571,536,VAC_155005_P006_WH07,N/A,N/A,N/A,N/A,N/A,N/A
572,544,VAC_155005_P006_WH08,N/A,N/A,N/A,N/A,N/A,N/A
573,552,VAC_155005_P006_WH09,N/A,N/A,N/A,N/A,N/A,N/A
574,560,VAC_155005_P006_WH10,N/A,N/A,N/A,N/A,N/A,N/A
575,568,VAC_155005_P006_WH11,N/A,N/A,N/A,N/A,N/A,N/A
576,576,VAC_155005_P006_WH12,N/A,N/A,N/A,N/A,N/A,N/A
577,577,VAC_155005_P007_WA01,N/A,N/A,N/A,N/A,N/A,N/A
578,585,VAC_155005_P007_WA02,N/A,N/A,N/A,N/A,N/A,N/A
579,593,VAC_155005_P007_WA03,N/A,N/A,N/A,N/A,N/A,N/A
580,601,VAC_155005_P007_WA04,N/A,N/A,N/A,N/A,N/A,N/A
581,609,VAC_155005_P007_WA05,N/A,N/A,N/A,N/A,N/A,N/A
582,617,VAC_155005_P007_WA06,N/A,N/A,N/A,N/A,N/A,N/A
583,625,VAC_155005_P007_WA07,N/A,N/A,N/A,N/A,N/A,N/A
584,633,VAC_155005_P007_WA08,N/A,N/A,N/A,N/A,N/A,N/A
585,641,VAC_155005_P007_WA09,N/A,N/A,N/A,N/A,N/A,N/A
586,649,VAC_155005_P007_WA10,N/A,N/A,N/A,N/A,N/A,N/A
587,657,VAC_155005_P007_WA11,N/A,N/A,N/A,N/A,N/A,N/A
588,665,VAC_155005_P007_WA12,N/A,N/A,N/A,N/A,N/A,N/A
589,578,VAC_155005_P007_WB01,N/A,N/A,N/A,N/A,N/A,N/A
590,586,VAC_155005_P007_WB02,N/A,N/A,N/A,N/A,N/A,N/A
591,594,VAC_155005_P007_WB03,N/A,N/A,N/A,N/A,N/A,N/A
592,602,VAC_155005_P007_WB04,N/A,N/A,N/A,N/A,N/A,N/A
593,610,VAC_155005_P007_WB05,N/A,N/A,N/A,N/A,N/A,N/A
594,618,VAC_155005_P007_WB06,N/A,N/A,N/A,N/A,N/A,N/A
595,626,VAC_155005_P007_WB07,N/A,N/A,N/A,N/A,N/A,N/A
596,634,VAC_155005_P007_WB08,N/A,N/A,N/A,N/A,N/A,N/A
597,642,VAC_155005_P007_WB09,N/A,N/A,N/A,N/A,N/A,N/A
598,650,VAC_155005_P007_WB10,N/A,N/A,N/A,N/A,N/A,N/A
599,658,VAC_155005_P007_WB11,N/A,N/A,N/A,N/A,N/A,N/A
600,666,VAC_155005_P007_WB12,N/A,N/A,N/A,N/A,N/A,N/A
601,579,VAC_155005_P007_WC01,N/A,N/A,N/A,N/A,N/A,N/A
602,587,VAC_155005_P007_WC02,N/A,N/A,N/A,N/A,N/A,N/A
603,595,VAC_155005_P007_WC03,N/A,N/A,N/A,N/A,N/A,N/A
604,603,VAC_155005_P007_WC04,N/A,N/A,N/A,N/A,N/A,N/A
605,611,VAC_155005_P007_WC05,N/A,N/A,N/A,N/A,N/A,N/A
606,619,VAC_155005_P007_WC06,N/A,N/A,N/A,N/A,N/A,N/A
607,627,VAC_155005_P007_WC07,N/A,N/A,N/A,N/A,N/A,N/A
608,635,VAC_155005_P007_WC08,N/A,N/A,N/A,N/A,N/A,N/A
609,643,VAC_155005_P007_WC09,N/A,N/A,N/A,N/A,N/A,N/A
610,651,VAC_155005_P007_WC10,N/A,N/A,N/A,N/A,N/A,N/A
611,659,VAC_155005_P007_WC11,N/A,N/A,N/A,N/A,N/A,N/A
612,667,VAC_155005_P007_WC12,N/A,N/A,N/A,N/A,N/A,N/A
613,580,VAC_155005_P007_WD01,N/A,N/A,N/A,N/A,N/A,N/A
614,588,VAC_155005_P007_WD02,N/A,N/A,N/A,N/A,N/A,N/A
615,596,VAC_155005_P007_WD03,N/A,N/A,N/A,N/A,N/A,N/A
616,604,VAC_155005_P007_WD04,N/A,N/A,N/A,N/A,N/A,N/A
617,612,VAC_155005_P007_WD05,N/A,N/A,N/A,N/A,N/A,N/A
618,620,VAC_155005_P007_WD06,N/A,N/A,N/A,N/A,N/A,N/A
619,628,VAC_155005_P007_WD07,N/A,N/A,N/A,N/A,N/A,N/A
620,636,VAC_155005_P007_WD08,N/A,N/A,N/A,N/A,N/A,N/A
621,644,VAC_155005_P007_WD09,N/A,N/A,N/A,N/A,N/A,N/A
622,652,VAC_155005_P007_WD10,N/A,N/A,N/A,N/A,N/A,N/A
623,660,VAC_155005_P007_WD11,N/A,N/A,N/A,N/A,N/A,N/A
624,668,VAC_155005_P007_WD12,N/A,N/A,N/A,N/A,N/A,N/A
625,581,VAC_155005_P007_WE01,N/A,N/A,N/A,N/A,N/A,N/A
626,589,VAC_155005_P007_WE02,N/A,N/A,N/A,N/A,N/A,N/A
627,597,VAC_155005_P007_WE03,N/A,N/A,N/A,N/A,N/A,N/A
628,605,VAC_155005_P007_WE04,N/A,N/A,N/A,N/A,N/A,N/A
629,613,VAC_155005_P007_WE05,N/A,N/A,N/A,N/A,N/A,N/A
630,621,VAC_155005_P007_WE06,N/A,N/A,N/A,N/A,N/A,N/A
631,629,VAC_155005_P007_WE07,N/A,N/A,N/A,N/A,N/A,N/A
632,637,VAC_155005_P007_WE08,N/A,N/A,N/A,N/A,N/A,N/A
633,645,VAC_155005_P007_WE09,N/A,N/A,N/A,N/A,N/A,N/A
634,653,VAC_155005_P007_WE10,N/A,N/A,N/A,N/A,N/A,N/A
635,661,VAC_155005_P007_WE11,N/A,N/A,N/A,N/A,N/A,N/A
636,669,VAC_155005_P007_WE12,N/A,N/A,N/A,N/A,N/A,N/A
637,582,VAC_155005_P007_WF01,N/A,N/A,N/A,N/A,N/A,N/A
638,590,VAC_155005_P007_WF02,N/A,N/A,N/A,N/A,N/A,N/A
639,598,VAC_155005_P007_WF03,N/A,N/A,N/A,N/A,N/A,N/A
640,606,VAC_155005_P007_WF04,N/A,N/A,N/A,N/A,N/A,N/A
641,614,VAC_155005_P007_WF05,N/A,N/A,N/A,N/A,N/A,N/A
642,622,VAC_155005_P007_WF06,N/A,N/A,N/A,N/A,N/A,N/A
643,630,VAC_155005_P007_WF07,N/A,N/A,N/A,N/A,N/A,N/A
644,638,VAC_155005_P007_WF08,N/A,N/A,N/A,N/A,N/A,N/A
645,646,VAC_155005_P007_WF09,N/A,N/A,N/A,N/A,N/A,N/A
646,654,VAC_155005_P007_WF10,N/A,N/A,N/A,N/A,N/A,N/A
647,662,VAC_155005_P007_WF11,N/A,N/A,N/A,N/A,N/A,N/A
648,670,VAC_155005_P007_WF12,N/A,N/A,N/A,N/A,N/A,N/A
649,583,VAC_155005_P007_WG01,N/A,N/A,N/A,N/A,N/A,N/A
650,591,VAC_155005_P007_WG02,N/A,N/A,N/A,N/A,N/A,N/A
651,599,VAC_155005_P007_WG03,N/A,N/A,N/A,N/A,N/A,N/A
652,607,VAC_155005_P007_WG04,N/A,N/A,N/A,N/A,N/A,N/A
653,615,VAC_155005_P007_WG05,N/A,N/A,N/A,N/A,N/A,N/A
654,623,VAC_155005_P007_WG06,N/A,N/A,N/A,N/A,N/A,N/A
655,631,VAC_155005_P007_WG07,N/A,N/A,N/A,N/A,N/A,N/A
656,639,VAC_155005_P007_WG08,N/A,N/A,N/A,N/A,N/A,N/A
657,647,VAC_155005_P007_WG09,N/A,N/A,N/A,N/A,N/A,N/A
658,655,VAC_155005_P007_WG10,N/A,N/A,N/A,N/A,N/A,N/A
659,663,VAC_155005_P007_WG11,N/A,N/A,N/A,N/A,N/A,N/A
660,671,VAC_155005_P007_WG12,N/A,N/A,N/A,N/A,N/A,N/A
661,584,VAC_155005_P007_WH01,N/A,N/A,N/A,N/A,N/A,N/A
662,592,VAC_155005_P007_WH02,N/A,N/A,N/A,N/A,N/A,N/A
663,600,VAC_155005_P007_WH03,N/A,N/A,N/A,N/A,N/A,N/A
664,608,VAC_155005_P007_WH04,N/A,N/A,N/A,N/A,N/A,N/A
665,616,VAC_155005_P007_WH05,N/A,N/A,N/A,N/A,N/A,N/A
666,624,VAC_155005_P007_WH06,N/A,N/A,N/A,N/A,N/A,N/A
667,632,VAC_155005_P007_WH07,N/A,N/A,N/A,N/A,N/A,N/A
668,640,VAC_155005_P007_WH08,N/A,N/A,N/A,N/A,N/A,N/A
669,648,VAC_155005_P007_WH09,N/A,N/A,N/A,N/A,N/A,N/A
670,656,VAC_155005_P007_WH10,N/A,N/A,N/A,N/A,N/A,N/A
671,664,VAC_155005_P007_WH11,N/A,N/A,N/A,N/A,N/A,N/A
672,672,VAC_155005_P007_WH12,N/A,N/A,N/A,N/A,N/A,N/A
673,673,VAC_155005_P008_WA01,N/A,N/A,N/A,N/A,N/A,N/A
674,681,VAC_155005_P008_WA02,N/A,N/A,N/A,N/A,N/A,N/A
675,689,VAC_155005_P008_WA03,N/A,N/A,N/A,N/A,N/A,N/A
676,697,VAC_155005_P008_WA04,N/A,N/A,N/A,N/A,N/A,N/A
677,705,VAC_155005_P008_WA05,N/A,N/A,N/A,N/A,N/A,N/A
678,713,VAC_155005_P008_WA06,N/A,N/A,N/A,N/A,N/A,N/A
679,721,VAC_155005_P008_WA07,N/A,N/A,N/A,N/A,N/A,N/A
680,729,VAC_155005_P008_WA08,N/A,N/A,N/A,N/A,N/A,N/A
681,737,VAC_155005_P008_WA09,N/A,N/A,N/A,N/A,N/A,N/A
682,745,VAC_155005_P008_WA10,N/A,N/A,N/A,N/A,N/A,N/A
683,753,VAC_155005_P008_WA11,N/A,N/A,N/A,N/A,N/A,N/A
684,761,VAC_155005_P008_WA12,N/A,N/A,N/A,N/A,N/A,N/A
685,674,VAC_155005_P008_WB01,N/A,N/A,N/A,N/A,N/A,N/A
686,682,VAC_155005_P008_WB02,N/A,N/A,N/A,N/A,N/A,N/A
687,690,VAC_155005_P008_WB03,N/A,N/A,N/A,N/A,N/A,N/A
688,698,VAC_155005_P008_WB04,N/A,N/A,N/A,N/A,N/A,N/A
689,706,VAC_155005_P008_WB05,N/A,N/A,N/A,N/A,N/A,N/A
690,714,VAC_155005_P008_WB06,N/A,N/A,N/A,N/A,N/A,N/A
691,722,VAC_155005_P008_WB07,N/A,N/A,N/A,N/A,N/A,N/A
692,730,VAC_155005_P008_WB08,N/A,N/A,N/A,N/A,N/A,N/A
693,738,VAC_155005_P008_WB09,N/A,N/A,N/A,N/A,N/A,N/A
694,746,VAC_155005_P008_WB10,N/A,N/A,N/A,N/A,N/A,N/A
695,754,VAC_155005_P008_WB11,N/A,N/A,N/A,N/A,N/A,N/A
696,762,VAC_155005_P008_WB12,N/A,N/A,N/A,N/A,N/A,N/A
697,675,VAC_155005_P008_WC01,N/A,N/A,N/A,N/A,N/A,N/A
698,683,VAC_155005_P008_WC02,N/A,N/A,N/A,N/A,N/A,N/A
699,691,VAC_155005_P008_WC03,N/A,N/A,N/A,N/A,N/A,N/A
700,699,VAC_155005_P008_WC04,N/A,N/A,N/A,N/A,N/A,N/A
701,707,VAC_155005_P008_WC05,N/A,N/A,N/A,N/A,N/A,N/A
702,715,VAC_155005_P008_WC06,N/A,N/A,N/A,N/A,N/A,N/A
703,723,VAC_155005_P008_WC07,N/A,N/A,N/A,N/A,N/A,N/A
704,731,VAC_155005_P008_WC08,N/A,N/A,N/A,N/A,N/A,N/A
705,739,VAC_155005_P008_WC09,N/A,N/A,N/A,N/A,N/A,N/A
706,747,VAC_155005_P008_WC10,N/A,N/A,N/A,N/A,N/A,N/A
707,755,VAC_155005_P008_WC11,N/A,N/A,N/A,N/A,N/A,N/A
708,763,VAC_155005_P008_WC12,N/A,N/A,N/A,N/A,N/A,N/A
709,676,VAC_155005_P008_WD01,N/A,N/A,N/A,N/A,N/A,N/A
710,684,VAC_155005_P008_WD02,N/A,N/A,N/A,N/A,N/A,N/A
711,692,VAC_155005_P008_WD03,N/A,N/A,N/A,N/A,N/A,N/A
712,700,VAC_155005_P008_WD04,N/A,N/A,N/A,N/A,N/A,N/A
713,708,VAC_155005_P008_WD05,N/A,N/A,N/A,N/A,N/A,N/A
714,716,VAC_155005_P008_WD06,N/A,N/A,N/A,N/A,N/A,N/A
715,724,VAC_155005_P008_WD07,N/A,N/A,N/A,N/A,N/A,N/A
716,732,VAC_155005_P008_WD08,N/A,N/A,N/A,N/A,N/A,N/A
717,740,VAC_155005_P008_WD09,N/A,N/A,N/A,N/A,N/A,N/A
718,748,VAC_155005_P008_WD10,N/A,N/A,N/A,N/A,N/A,N/A
719,756,VAC_155005_P008_WD11,N/A,N/A,N/A,N/A,N/A,N/A
720,764,VAC_155005_P008_WD12,N/A,N/A,N/A,N/A,N/A,N/A
721,677,VAC_155005_P008_WE01,N/A,N/A,N/A,N/A,N/A,N/A
722,685,VAC_155005_P008_WE02,N/A,N/A,N/A,N/A,N/A,N/A
723,693,VAC_155005_P008_WE03,N/A,N/A,N/A,N/A,N/A,N/A
724,701,VAC_155005_P008_WE04,N/A,N/A,N/A,N/A,N/A,N/A
725,709,VAC_155005_P008_WE05,N/A,N/A,N/A,N/A,N/A,N/A
726,717,VAC_155005_P008_WE06,N/A,N/A,N/A,N/A,N/A,N/A
727,725,VAC_155005_P008_WE07,N/A,N/A,N/A,N/A,N/A,N/A
728,733,VAC_155005_P008_WE08,N/A,N/A,N/A,N/A,N/A,N/A
729,741,VAC_155005_P008_WE09,N/A,N/A,N/A,N/A,N/A,N/A
730,749,VAC_155005_P008_WE10,N/A,N/A,N/A,N/A,N/A,N/A
731,757,VAC_155005_P008_WE11,N/A,N/A,N/A,N/A,N/A,N/A
732,765,VAC_155005_P008_WE12,N/A,N/A,N/A,N/A,N/A,N/A
733,678,VAC_155005_P008_WF01,N/A,N/A,N/A,N/A,N/A,N/A
734,686,VAC_155005_P008_WF02,N/A,N/A,N/A,N/A,N/A,N/A
735,694,VAC_155005_P008_WF03,N/A,N/A,N/A,N/A,N/A,N/A
736,702,VAC_155005_P008_WF04,N/A,N/A,N/A,N/A,N/A,N/A
737,710,VAC_155005_P008_WF05,N/A,N/A,N/A,N/A,N/A,N/A
738,718,VAC_155005_P008_WF06,N/A,N/A,N/A,N/A,N/A,N/A
739,726,VAC_155005_P008_WF07,N/A,N/A,N/A,N/A,N/A,N/A
740,734,VAC_155005_P008_WF08,N/A,N/A,N/A,N/A,N/A,N/A
741,742,VAC_155005_P008_WF09,N/A,N/A,N/A,N/A,N/A,N/A
742,750,VAC_155005_P008_WF10,N/A,N/A,N/A,N/A,N/A,N/A
743,758,VAC_155005_P008_WF11,N/A,N/A,N/A,N/A,N/A,N/A
744,766,VAC_155005_P008_WF12,N/A,N/A,N/A,N/A,N/A,N/A
745,679,VAC_155005_P008_WG01,N/A,N/A,N/A,N/A,N/A,N/A
746,687,VAC_155005_P008_WG02,N/A,N/A,N/A,N/A,N/A,N/A
747,695,VAC_155005_P008_WG03,N/A,N/A,N/A,N/A,N/A,N/A
748,703,VAC_155005_P008_WG04,N/A,N/A,N/A,N/A,N/A,N/A
749,711,VAC_155005_P008_WG05,N/A,N/A,N/A,N/A,N/A,N/A
750,719,VAC_155005_P008_WG06,N/A,N/A,N/A,N/A,N/A,N/A
751,727,VAC_155005_P008_WG07,N/A,N/A,N/A,N/A,N/A,N/A
752,735,VAC_155005_P008_WG08,N/A,N/A,N/A,N/A,N/A,N/A
753,743,VAC_155005_P008_WG09,N/A,N/A,N/A,N/A,N/A,N/A
754,751,VAC_155005_P008_WG10,N/A,N/A,N/A,N/A,N/A,N/A
755,759,VAC_155005_P008_WG11,N/A,N/A,N/A,N/A,N/A,N/A
756,767,VAC_155005_P008_WG12,N/A,N/A,N/A,N/A,N/A,N/A
757,680,VAC_155005_P008_WH01,N/A,N/A,N/A,N/A,N/A,N/A
758,688,VAC_155005_P008_WH02,N/A,N/A,N/A,N/A,N/A,N/A
759,696,VAC_155005_P008_WH03,N/A,N/A,N/A,N/A,N/A,N/A
760,704,VAC_155005_P008_WH04,N/A,N/A,N/A,N/A,N/A,N/A
761,712,VAC_155005_P008_WH05,N/A,N/A,N/A,N/A,N/A,N/A
762,720,VAC_155005_P008_WH06,N/A,N/A,N/A,N/A,N/A,N/A
763,728,VAC_155005_P008_WH07,N/A,N/A,N/A,N/A,N/A,N/A
764,736,VAC_155005_P008_WH08,N/A,N/A,N/A,N/A,N/A,N/A
765,744,VAC_155005_P008_WH09,N/A,N/A,N/A,N/A,N/A,N/A
766,752,VAC_155005_P008_WH10,N/A,N/A,N/A,N/A,N/A,N/A
767,760,VAC_155005_P008_WH11,N/A,N/A,N/A,N/A,N/A,N/A
768,768,VAC_155005_P008_WH12,N/A,N/A,N/A,N/A,N/A,N/A
769,769,VAC_155005_P009_WA01,N/A,N/A,N/A,N/A,N/A,N/A
770,777,VAC_155005_P009_WA02,N/A,N/A,N/A,N/A,N/A,N/A
771,785,VAC_155005_P009_WA03,N/A,N/A,N/A,N/A,N/A,N/A
772,793,VAC_155005_P009_WA04,N/A,N/A,N/A,N/A,N/A,N/A
773,801,VAC_155005_P009_WA05,N/A,N/A,N/A,N/A,N/A,N/A
774,809,VAC_155005_P009_WA06,N/A,N/A,N/A,N/A,N/A,N/A
775,817,VAC_155005_P009_WA07,N/A,N/A,N/A,N/A,N/A,N/A
776,825,VAC_155005_P009_WA08,N/A,N/A,N/A,N/A,N/A,N/A
777,833,VAC_155005_P009_WA09,N/A,N/A,N/A,N/A,N/A,N/A
778,841,VAC_155005_P009_WA10,N/A,N/A,N/A,N/A,N/A,N/A
779,849,VAC_155005_P009_WA11,N/A,N/A,N/A,N/A,N/A,N/A
780,857,VAC_155005_P009_WA12,N/A,N/A,N/A,N/A,N/A,N/A
781,770,VAC_155005_P009_WB01,N/A,N/A,N/A,N/A,N/A,N/A
782,778,VAC_155005_P009_WB02,N/A,N/A,N/A,N/A,N/A,N/A
783,786,VAC_155005_P009_WB03,N/A,N/A,N/A,N/A,N/A,N/A
784,794,VAC_155005_P009_WB04,N/A,N/A,N/A,N/A,N/A,N/A
785,802,VAC_155005_P009_WB05,N/A,N/A,N/A,N/A,N/A,N/A
786,810,VAC_155005_P009_WB06,N/A,N/A,N/A,N/A,N/A,N/A
787,818,VAC_155005_P009_WB07,N/A,N/A,N/A,N/A,N/A,N/A
788,826,VAC_155005_P009_WB08,N/A,N/A,N/A,N/A,N/A,N/A
789,834,VAC_155005_P009_WB09,N/A,N/A,N/A,N/A,N/A,N/A
790,842,VAC_155005_P009_WB10,N/A,N/A,N/A,N/A,N/A,N/A
791,850,VAC_155005_P009_WB11,N/A,N/A,N/A,N/A,N/A,N/A
792,858,VAC_155005_P009_WB12,N/A,N/A,N/A,N/A,N/A,N/A
793,771,VAC_155005_P009_WC01,N/A,N/A,N/A,N/A,N/A,N/A
794,779,VAC_155005_P009_WC02,N/A,N/A,N/A,N/A,N/A,N/A
795,787,VAC_155005_P009_WC03,N/A,N/A,N/A,N/A,N/A,N/A
796,795,VAC_155005_P009_WC04,N/A,N/A,N/A,N/A,N/A,N/A
797,803,VAC_155005_P009_WC05,N/A,N/A,N/A,N/A,N/A,N/A
798,811,VAC_155005_P009_WC06,N/A,N/A,N/A,N/A,N/A,N/A
799,819,VAC_155005_P009_WC07,N/A,N/A,N/A,N/A,N/A,N/A
800,827,VAC_155005_P009_WC08,N/A,N/A,N/A,N/A,N/A,N/A
801,835,VAC_155005_P009_WC09,N/A,N/A,N/A,N/A,N/A,N/A
802,843,VAC_155005_P009_WC10,N/A,N/A,N/A,N/A,N/A,N/A
803,851,VAC_155005_P009_WC11,N/A,N/A,N/A,N/A,N/A,N/A
804,859,VAC_155005_P009_WC12,N/A,N/A,N/A,N/A,N/A,N/A
805,772,VAC_155005_P009_WD01,N/A,N/A,N/A,N/A,N/A,N/A
806,780,VAC_155005_P009_WD02,N/A,N/A,N/A,N/A,N/A,N/A
807,788,VAC_155005_P009_WD03,N/A,N/A,N/A,N/A,N/A,N/A
808,796,VAC_155005_P009_WD04,N/A,N/A,N/A,N/A,N/A,N/A
809,804,VAC_155005_P009_WD05,N/A,N/A,N/A,N/A,N/A,N/A
810,812,VAC_155005_P009_WD06,N/A,N/A,N/A,N/A,N/A,N/A
811,820,VAC_155005_P009_WD07,N/A,N/A,N/A,N/A,N/A,N/A
812,828,VAC_155005_P009_WD08,N/A,N/A,N/A,N/A,N/A,N/A
813,836,VAC_155005_P009_WD09,N/A,N/A,N/A,N/A,N/A,N/A
814,844,VAC_155005_P009_WD10,N/A,N/A,N/A,N/A,N/A,N/A
815,852,VAC_155005_P009_WD11,N/A,N/A,N/A,N/A,N/A,N/A
816,860,VAC_155005_P009_WD12,N/A,N/A,N/A,N/A,N/A,N/A
817,773,VAC_155005_P009_WE01,N/A,N/A,N/A,N/A,N/A,N/A
818,781,VAC_155005_P009_WE02,N/A,N/A,N/A,N/A,N/A,N/A
819,789,VAC_155005_P009_WE03,N/A,N/A,N/A,N/A,N/A,N/A
820,797,VAC_155005_P009_WE04,N/A,N/A,N/A,N/A,N/A,N/A
821,805,VAC_155005_P009_WE05,N/A,N/A,N/A,N/A,N/A,N/A
822,813,VAC_155005_P009_WE06,N/A,N/A,N/A,N/A,N/A,N/A
823,821,VAC_155005_P009_WE07,N/A,N/A,N/A,N/A,N/A,N/A
824,829,VAC_155005_P009_WE08,N/A,N/A,N/A,N/A,N/A,N/A
825,837,VAC_155005_P009_WE09,N/A,N/A,N/A,N/A,N/A,N/A
826,845,VAC_155005_P009_WE10,N/A,N/A,N/A,N/A,N/A,N/A
827,853,VAC_155005_P009_WE11,N/A,N/A,N/A,N/A,N/A,N/A
828,861,VAC_155005_P009_WE12,N/A,N/A,N/A,N/A,N/A,N/A
829,774,VAC_155005_P009_WF01,N/A,N/A,N/A,N/A,N/A,N/A
830,782,VAC_155005_P009_WF02,N/A,N/A,N/A,N/A,N/A,N/A
831,790,VAC_155005_P009_WF03,N/A,N/A,N/A,N/A,N/A,N/A
832,798,VAC_155005_P009_WF04,N/A,N/A,N/A,N/A,N/A,N/A
833,806,VAC_155005_P009_WF05,N/A,N/A,N/A,N/A,N/A,N/A
834,814,VAC_155005_P009_WF06,N/A,N/A,N/A,N/A,N/A,N/A
835,822,VAC_155005_P009_WF07,N/A,N/A,N/A,N/A,N/A,N/A
836,830,VAC_155005_P009_WF08,N/A,N/A,N/A,N/A,N/A,N/A
837,838,VAC_155005_P009_WF09,N/A,N/A,N/A,N/A,N/A,N/A
838,846,VAC_155005_P009_WF10,N/A,N/A,N/A,N/A,N/A,N/A
839,854,VAC_155005_P009_WF11,N/A,N/A,N/A,N/A,N/A,N/A
840,862,VAC_155005_P009_WF12,N/A,N/A,N/A,N/A,N/A,N/A
841,775,VAC_155005_P009_WG01,N/A,N/A,N/A,N/A,N/A,N/A
842,783,VAC_155005_P009_WG02,N/A,N/A,N/A,N/A,N/A,N/A
843,791,VAC_155005_P009_WG03,N/A,N/A,N/A,N/A,N/A,N/A
844,799,VAC_155005_P009_WG04,N/A,N/A,N/A,N/A,N/A,N/A
845,807,VAC_155005_P009_WG05,N/A,N/A,N/A,N/A,N/A,N/A
846,815,VAC_155005_P009_WG06,N/A,N/A,N/A,N/A,N/A,N/A
847,823,VAC_155005_P009_WG07,N/A,N/A,N/A,N/A,N/A,N/A
848,831,VAC_155005_P009_WG08,N/A,N/A,N/A,N/A,N/A,N/A
849,839,VAC_155005_P009_WG09,N/A,N/A,N/A,N/A,N/A,N/A
850,847,VAC_155005_P009_WG10,N/A,N/A,N/A,N/A,N/A,N/A
851,855,VAC_155005_P009_WG11,N/A,N/A,N/A,N/A,N/A,N/A
852,863,VAC_155005_P009_WG12,N/A,N/A,N/A,N/A,N/A,N/A
853,776,VAC_155005_P009_WH01,N/A,N/A,N/A,N/A,N/A,N/A
854,784,VAC_155005_P009_WH02,N/A,N/A,N/A,N/A,N/A,N/A
855,792,VAC_155005_P009_WH03,N/A,N/A,N/A,N/A,N/A,N/A
856,800,VAC_155005_P009_WH04,N/A,N/A,N/A,N/A,N/A,N/A
857,808,VAC_155005_P009_WH05,N/A,N/A,N/A,N/A,N/A,N/A
858,816,VAC_155005_P009_WH06,N/A,N/A,N/A,N/A,N/A,N/A
859,824,VAC_155005_P009_WH07,N/A,N/A,N/A,N/A,N/A,N/A
860,832,VAC_155005_P009_WH08,N/A,N/A,N/A,N/A,N/A,N/A
861,840,VAC_155005_P009_WH09,N/A,N/A,N/A,N/A,N/A,N/A
862,848,VAC_155005_P009_WH10,N/A,N/A,N/A,N/A,N/A,N/A
863,856,VAC_155005_P009_WH11,N/A,N/A,N/A,N/A,N/A,N/A
864,864,VAC_155005_P009_WH12,N/A,N/A,N/A,N/A,N/A,N/A
865,865,VAC_155005_P010_WA01,N/A,N/A,N/A,N/A,N/A,N/A
866,873,VAC_155005_P010_WA02,N/A,N/A,N/A,N/A,N/A,N/A
867,881,VAC_155005_P010_WA03,N/A,N/A,N/A,N/A,N/A,N/A
868,889,VAC_155005_P010_WA04,N/A,N/A,N/A,N/A,N/A,N/A
869,897,VAC_155005_P010_WA05,N/A,N/A,N/A,N/A,N/A,N/A
870,905,VAC_155005_P010_WA06,N/A,N/A,N/A,N/A,N/A,N/A
871,913,VAC_155005_P010_WA07,N/A,N/A,N/A,N/A,N/A,N/A
872,921,VAC_155005_P010_WA08,N/A,N/A,N/A,N/A,N/A,N/A
873,929,VAC_155005_P010_WA09,N/A,N/A,N/A,N/A,N/A,N/A
874,937,VAC_155005_P010_WA10,N/A,N/A,N/A,N/A,N/A,N/A
875,945,VAC_155005_P010_WA11,N/A,N/A,N/A,N/A,N/A,N/A
876,953,VAC_155005_P010_WA12,N/A,N/A,N/A,N/A,N/A,N/A
877,866,VAC_155005_P010_WB01,N/A,N/A,N/A,N/A,N/A,N/A
878,874,VAC_155005_P010_WB02,N/A,N/A,N/A,N/A,N/A,N/A
879,882,VAC_155005_P010_WB03,N/A,N/A,N/A,N/A,N/A,N/A
880,890,VAC_155005_P010_WB04,N/A,N/A,N/A,N/A,N/A,N/A
881,898,VAC_155005_P010_WB05,N/A,N/A,N/A,N/A,N/A,N/A
882,906,VAC_155005_P010_WB06,N/A,N/A,N/A,N/A,N/A,N/A
883,914,VAC_155005_P010_WB07,N/A,N/A,N/A,N/A,N/A,N/A
884,922,VAC_155005_P010_WB08,N/A,N/A,N/A,N/A,N/A,N/A
885,930,VAC_155005_P010_WB09,N/A,N/A,N/A,N/A,N/A,N/A
886,938,VAC_155005_P010_WB10,N/A,N/A,N/A,N/A,N/A,N/A
887,946,VAC_155005_P010_WB11,N/A,N/A,N/A,N/A,N/A,N/A
888,954,VAC_155005_P010_WB12,N/A,N/A,N/A,N/A,N/A,N/A
889,867,VAC_155005_P010_WC01,N/A,N/A,N/A,N/A,N/A,N/A
890,875,VAC_155005_P010_WC02,N/A,N/A,N/A,N/A,N/A,N/A
891,883,VAC_155005_P010_WC03,N/A,N/A,N/A,N/A,N/A,N/A
892,891,VAC_155005_P010_WC04,N/A,N/A,N/A,N/A,N/A,N/A
893,899,VAC_155005_P010_WC05,N/A,N/A,N/A,N/A,N/A,N/A
894,907,VAC_155005_P010_WC06,N/A,N/A,N/A,N/A,N/A,N/A
895,915,VAC_155005_P010_WC07,N/A,N/A,N/A,N/A,N/A,N/A
896,923,VAC_155005_P010_WC08,N/A,N/A,N/A,N/A,N/A,N/A
897,931,VAC_155005_P010_WC09,N/A,N/A,N/A,N/A,N/A,N/A
898,939,VAC_155005_P010_WC10,N/A,N/A,N/A,N/A,N/A,N/A
899,947,VAC_155005_P010_WC11,N/A,N/A,N/A,N/A,N/A,N/A
900,955,VAC_155005_P010_WC12,N/A,N/A,N/A,N/A,N/A,N/A
901,868,VAC_155005_P010_WD01,N/A,N/A,N/A,N/A,N/A,N/A
902,876,VAC_155005_P010_WD02,N/A,N/A,N/A,N/A,N/A,N/A
903,884,VAC_155005_P010_WD03,N/A,N/A,N/A,N/A,N/A,N/A
904,892,VAC_155005_P010_WD04,N/A,N/A,N/A,N/A,N/A,N/A
905,900,VAC_155005_P010_WD05,N/A,N/A,N/A,N/A,N/A,N/A
906,908,VAC_155005_P010_WD06,N/A,N/A,N/A,N/A,N/A,N/A
907,916,VAC_155005_P010_WD07,N/A,N/A,N/A,N/A,N/A,N/A
908,924,VAC_155005_P010_WD08,N/A,N/A,N/A,N/A,N/A,N/A
909,932,VAC_155005_P010_WD09,N/A,N/A,N/A,N/A,N/A,N/A
910,940,VAC_155005_P010_WD10,N/A,N/A,N/A,N/A,N/A,N/A
911,948,VAC_155005_P010_WD11,N/A,N/A,N/A,N/A,N/A,N/A
912,956,VAC_155005_P010_WD12,N/A,N/A,N/A,N/A,N/A,N/A
913,869,VAC_155005_P010_WE01,N/A,N/A,N/A,N/A,N/A,N/A
914,877,VAC_155005_P010_WE02,N/A,N/A,N/A,N/A,N/A,N/A
915,885,VAC_155005_P010_WE03,N/A,N/A,N/A,N/A,N/A,N/A
916,893,VAC_155005_P010_WE04,N/A,N/A,N/A,N/A,N/A,N/A
917,901,VAC_155005_P010_WE05,N/A,N/A,N/A,N/A,N/A,N/A
918,909,VAC_155005_P010_WE06,N/A,N/A,N/A,N/A,N/A,N/A
919,917,VAC_155005_P010_WE07,N/A,N/A,N/A,N/A,N/A,N/A
920,925,VAC_155005_P010_WE08,N/A,N/A,N/A,N/A,N/A,N/A
921,933,VAC_155005_P010_WE09,N/A,N/A,N/A,N/A,N/A,N/A
922,941,VAC_155005_P010_WE10,N/A,N/A,N/A,N/A,N/A,N/A
923,949,VAC_155005_P010_WE11,N/A,N/A,N/A,N/A,N/A,N/A
924,957,VAC_155005_P010_WE12,N/A,N/A,N/A,N/A,N/A,N/A
925,870,VAC_155005_P010_WF01,N/A,N/A,N/A,N/A,N/A,N/A
926,878,VAC_155005_P010_WF02,N/A,N/A,N/A,N/A,N/A,N/A
927,886,VAC_155005_P010_WF03,N/A,N/A,N/A,N/A,N/A,N/A
928,894,VAC_155005_P010_WF04,N/A,N/A,N/A,N/A,N/A,N/A
929,902,VAC_155005_P010_WF05,N/A,N/A,N/A,N/A,N/A,N/A
930,910,VAC_155005_P010_WF06,N/A,N/A,N/A,N/A,N/A,N/A
931,918,VAC_155005_P010_WF07,N/A,N/A,N/A,N/A,N/A,N/A
932,926,VAC_155005_P010_WF08,N/A,N/A,N/A,N/A,N/A,N/A
933,934,VAC_155005_P010_WF09,N/A,N/A,N/A,N/A,N/A,N/A
934,942,VAC_155005_P010_WF10,N/A,N/A,N/A,N/A,N/A,N/A
935,950,VAC_155005_P010_WF11,N/A,N/A,N/A,N/A,N/A,N/A
936,958,VAC_155005_P010_WF12,N/A,N/A,N/A,N/A,N/A,N/A
937,871,VAC_155005_P010_WG01,N/A,N/A,N/A,N/A,N/A,N/A
938,879,VAC_155005_P010_WG02,N/A,N/A,N/A,N/A,N/A,N/A
939,887,VAC_155005_P010_WG03,N/A,N/A,N/A,N/A,N/A,N/A
940,895,VAC_155005_P010_WG04,N/A,N/A,N/A,N/A,N/A,N/A
941,903,VAC_155005_P010_WG05,N/A,N/A,N/A,N/A,N/A,N/A
942,911,VAC_155005_P010_WG06,N/A,N/A,N/A,N/A,N/A,N/A
943,919,VAC_155005_P010_WG07,N/A,N/A,N/A,N/A,N/A,N/A
944,927,VAC_155005_P010_WG08,N/A,N/A,N/A,N/A,N/A,N/A
945,935,VAC_155005_P010_WG09,N/A,N/A,N/A,N/A,N/A,N/A
946,943,VAC_155005_P010_WG10,N/A,N/A,N/A,N/A,N/A,N/A
947,951,VAC_155005_P010_WG11,N/A,N/A,N/A,N/A,N/A,N/A
948,959,VAC_155005_P010_WG12,N/A,N/A,N/A,N/A,N/A,N/A
949,872,VAC_155005_P010_WH01,N/A,N/A,N/A,N/A,N/A,N/A
950,880,VAC_155005_P010_WH02,N/A,N/A,N/A,N/A,N/A,N/A
951,888,VAC_155005_P010_WH03,N/A,N/A,N/A,N/A,N/A,N/A
952,896,VAC_155005_P010_WH04,N/A,N/A,N/A,N/A,N/A,N/A
953,904,VAC_155005_P010_WH05,N/A,N/A,N/A,N/A,N/A,N/A
954,912,VAC_155005_P010_WH06,N/A,N/A,N/A,N/A,N/A,N/A
955,920,VAC_155005_P010_WH07,N/A,N/A,N/A,N/A,N/A,N/A
956,928,VAC_155005_P010_WH08,N/A,N/A,N/A,N/A,N/A,N/A
957,936,VAC_155005_P010_WH09,N/A,N/A,N/A,N/A,N/A,N/A
958,944,VAC_155005_P010_WH10,N/A,N/A,N/A,N/A,N/A,N/A
959,952,VAC_155005_P010_WH11,N/A,N/A,N/A,N/A,N/A,N/A
960,960,VAC_155005_P010_WH12,N/A,N/A,N/A,N/A,N/A,N/A
961,961,VAC_155005_P011_WA01,N/A,N/A,N/A,N/A,N/A,N/A
962,969,VAC_155005_P011_WA02,N/A,N/A,N/A,N/A,N/A,N/A
963,977,VAC_155005_P011_WA03,N/A,N/A,N/A,N/A,N/A,N/A
964,985,VAC_155005_P011_WA04,N/A,N/A,N/A,N/A,N/A,N/A
965,993,VAC_155005_P011_WA05,N/A,N/A,N/A,N/A,N/A,N/A
966,1001,VAC_155005_P011_WA06,N/A,N/A,N/A,N/A,N/A,N/A
967,1009,VAC_155005_P011_WA07,N/A,N/A,N/A,N/A,N/A,N/A
968,1017,VAC_155005_P011_WA08,N/A,N/A,N/A,N/A,N/A,N/A
969,1025,VAC_155005_P011_WA09,N/A,N/A,N/A,N/A,N/A,N/A
970,1033,VAC_155005_P011_WA10,N/A,N/A,N/A,N/A,N/A,N/A
971,1041,VAC_155005_P011_WA11,N/A,N/A,N/A,N/A,N/A,N/A
972,1049,VAC_155005_P011_WA12,N/A,N/A,N/A,N/A,N/A,N/A
973,962,VAC_155005_P011_WB01,N/A,N/A,N/A,N/A,N/A,N/A
974,970,VAC_155005_P011_WB02,N/A,N/A,N/A,N/A,N/A,N/A
975,978,VAC_155005_P011_WB03,N/A,N/A,N/A,N/A,N/A,N/A
976,986,VAC_155005_P011_WB04,N/A,N/A,N/A,N/A,N/A,N/A
977,994,VAC_155005_P011_WB05,N/A,N/A,N/A,N/A,N/A,N/A
978,1002,VAC_155005_P011_WB06,N/A,N/A,N/A,N/A,N/A,N/A
979,1010,VAC_155005_P011_WB07,N/A,N/A,N/A,N/A,N/A,N/A
980,1018,VAC_155005_P011_WB08,N/A,N/A,N/A,N/A,N/A,N/A
981,1026,VAC_155005_P011_WB09,N/A,N/A,N/A,N/A,N/A,N/A
982,1034,VAC_155005_P011_WB10,N/A,N/A,N/A,N/A,N/A,N/A
983,1042,VAC_155005_P011_WB11,N/A,N/A,N/A,N/A,N/A,N/A
984,1050,VAC_155005_P011_WB12,N/A,N/A,N/A,N/A,N/A,N/A
985,963,VAC_155005_P011_WC01,N/A,N/A,N/A,N/A,N/A,N/A
986,971,VAC_155005_P011_WC02,N/A,N/A,N/A,N/A,N/A,N/A
987,979,VAC_155005_P011_WC03,N/A,N/A,N/A,N/A,N/A,N/A
988,987,VAC_155005_P011_WC04,N/A,N/A,N/A,N/A,N/A,N/A
989,995,VAC_155005_P011_WC05,N/A,N/A,N/A,N/A,N/A,N/A
990,1003,VAC_155005_P011_WC06,N/A,N/A,N/A,N/A,N/A,N/A
991,1011,VAC_155005_P011_WC07,N/A,N/A,N/A,N/A,N/A,N/A
992,1019,VAC_155005_P011_WC08,N/A,N/A,N/A,N/A,N/A,N/A
993,1027,VAC_155005_P011_WC09,N/A,N/A,N/A,N/A,N/A,N/A
994,1035,VAC_155005_P011_WC10,N/A,N/A,N/A,N/A,N/A,N/A
995,1043,VAC_155005_P011_WC11,N/A,N/A,N/A,N/A,N/A,N/A
996,1051,VAC_155005_P011_WC12,N/A,N/A,N/A,N/A,N/A,N/A
997,964,VAC_155005_P011_WD01,N/A,N/A,N/A,N/A,N/A,N/A
998,972,VAC_155005_P011_WD02,N/A,N/A,N/A,N/A,N/A,N/A
999,980,VAC_155005_P011_WD03,N/A,N/A,N/A,N/A,N/A,N/A
1000,988,VAC_155005_P011_WD04,N/A,N/A,N/A,N/A,N/A,N/A
1001,996,VAC_155005_P011_WD05,N/A,N/A,N/A,N/A,N/A,N/A
1002,1004,VAC_155005_P011_WD06,N/A,N/A,N/A,N/A,N/A,N/A
1003,1012,VAC_155005_P011_WD07,N/A,N/A,N/A,N/A,N/A,N/A
1004,1020,VAC_155005_P011_WD08,N/A,N/A,N/A,N/A,N/A,N/A
1005,1028,VAC_155005_P011_WD09,N/A,N/A,N/A,N/A,N/A,N/A
1006,1036,VAC_155005_P011_WD10,N/A,N/A,N/A,N/A,N/A,N/A
1007,1044,VAC_155005_P011_WD11,N/A,N/A,N/A,N/A,N/A,N/A
1008,1052,VAC_155005_P011_WD12,N/A,N/A,N/A,N/A,N/A,N/A
1009,965,VAC_155005_P011_WE01,N/A,N/A,N/A,N/A,N/A,N/A
1010,973,VAC_155005_P011_WE02,N/A,N/A,N/A,N/A,N/A,N/A
1011,981,VAC_155005_P011_WE03,N/A,N/A,N/A,N/A,N/A,N/A
1012,989,VAC_155005_P011_WE04,N/A,N/A,N/A,N/A,N/A,N/A
1013,997,VAC_155005_P011_WE05,N/A,N/A,N/A,N/A,N/A,N/A
1014,1005,VAC_155005_P011_WE06,N/A,N/A,N/A,N/A,N/A,N/A
1015,1013,VAC_155005_P011_WE07,N/A,N/A,N/A,N/A,N/A,N/A
1016,1021,VAC_155005_P011_WE08,N/A,N/A,N/A,N/A,N/A,N/A
1017,1029,VAC_155005_P011_WE09,N/A,N/A,N/A,N/A,N/A,N/A
1018,1037,VAC_155005_P011_WE10,N/A,N/A,N/A,N/A,N/A,N/A
1019,1045,VAC_155005_P011_WE11,N/A,N/A,N/A,N/A,N/A,N/A
1020,1053,VAC_155005_P011_WE12,N/A,N/A,N/A,N/A,N/A,N/A
1021,966,VAC_155005_P011_WF01,N/A,N/A,N/A,N/A,N/A,N/A
1022,974,VAC_155005_P011_WF02,N/A,N/A,N/A,N/A,N/A,N/A
1023,982,VAC_155005_P011_WF03,N/A,N/A,N/A,N/A,N/A,N/A
1024,990,VAC_155005_P011_WF04,N/A,N/A,N/A,N/A,N/A,N/A
1025,998,VAC_155005_P011_WF05,N/A,N/A,N/A,N/A,N/A,N/A
1026,1006,VAC_155005_P011_WF06,N/A,N/A,N/A,N/A,N/A,N/A
1027,1014,VAC_155005_P011_WF07,N/A,N/A,N/A,N/A,N/A,N/A
1028,1022,VAC_155005_P011_WF08,N/A,N/A,N/A,N/A,N/A,N/A
1029,1030,VAC_155005_P011_WF09,N/A,N/A,N/A,N/A,N/A,N/A
1030,1038,VAC_155005_P011_WF10,N/A,N/A,N/A,N/A,N/A,N/A
1031,1046,VAC_155005_P011_WF11,N/A,N/A,N/A,N/A,N/A,N/A
1032,1054,VAC_155005_P011_WF12,N/A,N/A,N/A,N/A,N/A,N/A
1033,967,VAC_155005_P011_WG01,N/A,N/A,N/A,N/A,N/A,N/A
1034,975,VAC_155005_P011_WG02,N/A,N/A,N/A,N/A,N/A,N/A
1035,983,VAC_155005_P011_WG03,N/A,N/A,N/A,N/A,N/A,N/A
1036,991,VAC_155005_P011_WG04,N/A,N/A,N/A,N/A,N/A,N/A
1037,999,VAC_155005_P011_WG05,N/A,N/A,N/A,N/A,N/A,N/A
1038,1007,VAC_155005_P011_WG06,N/A,N/A,N/A,N/A,N/A,N/A
1039,1015,VAC_155005_P011_WG07,N/A,N/A,N/A,N/A,N/A,N/A
1040,1023,VAC_155005_P011_WG08,N/A,N/A,N/A,N/A,N/A,N/A
1041,1031,VAC_155005_P011_WG09,N/A,N/A,N/A,N/A,N/A,N/A
1042,1039,VAC_155005_P011_WG10,N/A,N/A,N/A,N/A,N/A,N/A
1043,1047,VAC_155005_P011_WG11,N/A,N/A,N/A,N/A,N/A,N/A
1044,1055,VAC_155005_P011_WG12,N/A,N/A,N/A,N/A,N/A,N/A
1045,968,VAC_155005_P011_WH01,N/A,N/A,N/A,N/A,N/A,N/A
1046,976,VAC_155005_P011_WH02,N/A,N/A,N/A,N/A,N/A,N/A
1047,984,VAC_155005_P011_WH03,N/A,N/A,N/A,N/A,N/A,N/A
1048,992,VAC_155005_P011_WH04,N/A,N/A,N/A,N/A,N/A,N/A
1049,1000,VAC_155005_P011_WH05,N/A,N/A,N/A,N/A,N/A,N/A
1050,1008,VAC_155005_P011_WH06,N/A,N/A,N/A,N/A,N/A,N/A
1051,1016,VAC_155005_P011_WH07,N/A,N/A,N/A,N/A,N/A,N/A
1052,1024,VAC_155005_P011_WH08,N/A,N/A,N/A,N/A,N/A,N/A
1053,1032,VAC_155005_P011_WH09,N/A,N/A,N/A,N/A,N/A,N/A
1054,1040,VAC_155005_P011_WH10,N/A,N/A,N/A,N/A,N/A,N/A
1055,1048,VAC_155005_P011_WH11,N/A,N/A,N/A,N/A,N/A,N/A
1056,1056,VAC_155005_P011_WH12,N/A,N/A,N/A,N/A,N/A,N/A
1057,1057,VAC_155005_P012_WA01,N/A,N/A,N/A,N/A,N/A,N/A
1058,1065,VAC_155005_P012_WA02,N/A,N/A,N/A,N/A,N/A,N/A
1059,1073,VAC_155005_P012_WA03,N/A,N/A,N/A,N/A,N/A,N/A
1060,1081,VAC_155005_P012_WA04,N/A,N/A,N/A,N/A,N/A,N/A
1061,1089,VAC_155005_P012_WA05,N/A,N/A,N/A,N/A,N/A,N/A
1062,1097,VAC_155005_P012_WA06,N/A,N/A,N/A,N/A,N/A,N/A
1063,1105,VAC_155005_P012_WA07,N/A,N/A,N/A,N/A,N/A,N/A
1064,1113,VAC_155005_P012_WA08,N/A,N/A,N/A,N/A,N/A,N/A
1065,1121,VAC_155005_P012_WA09,N/A,N/A,N/A,N/A,N/A,N/A
1066,1129,VAC_155005_P012_WA10,N/A,N/A,N/A,N/A,N/A,N/A
1067,1137,VAC_155005_P012_WA11,N/A,N/A,N/A,N/A,N/A,N/A
1068,1145,VAC_155005_P012_WA12,N/A,N/A,N/A,N/A,N/A,N/A
1069,1058,VAC_155005_P012_WB01,N/A,N/A,N/A,N/A,N/A,N/A
1070,1066,VAC_155005_P012_WB02,N/A,N/A,N/A,N/A,N/A,N/A
1071,1074,VAC_155005_P012_WB03,N/A,N/A,N/A,N/A,N/A,N/A
1072,1082,VAC_155005_P012_WB04,N/A,N/A,N/A,N/A,N/A,N/A
1073,1090,VAC_155005_P012_WB05,N/A,N/A,N/A,N/A,N/A,N/A
1074,1098,VAC_155005_P012_WB06,N/A,N/A,N/A,N/A,N/A,N/A
1075,1106,VAC_155005_P012_WB07,N/A,N/A,N/A,N/A,N/A,N/A
1076,1114,VAC_155005_P012_WB08,N/A,N/A,N/A,N/A,N/A,N/A
1077,1122,VAC_155005_P012_WB09,N/A,N/A,N/A,N/A,N/A,N/A
1078,1130,VAC_155005_P012_WB10,N/A,N/A,N/A,N/A,N/A,N/A
1079,1138,VAC_155005_P012_WB11,N/A,N/A,N/A,N/A,N/A,N/A
1080,1146,VAC_155005_P012_WB12,N/A,N/A,N/A,N/A,N/A,N/A
1081,1059,VAC_155005_P012_WC01,N/A,N/A,N/A,N/A,N/A,N/A
1082,1067,VAC_155005_P012_WC02,N/A,N/A,N/A,N/A,N/A,N/A
1083,1075,VAC_155005_P012_WC03,N/A,N/A,N/A,N/A,N/A,N/A
1084,1083,VAC_155005_P012_WC04,N/A,N/A,N/A,N/A,N/A,N/A
1085,1091,VAC_155005_P012_WC05,N/A,N/A,N/A,N/A,N/A,N/A
1086,1099,VAC_155005_P012_WC06,N/A,N/A,N/A,N/A,N/A,N/A
1087,1107,VAC_155005_P012_WC07,N/A,N/A,N/A,N/A,N/A,N/A
1088,1115,VAC_155005_P012_WC08,N/A,N/A,N/A,N/A,N/A,N/A
1089,1123,VAC_155005_P012_WC09,N/A,N/A,N/A,N/A,N/A,N/A
1090,1131,VAC_155005_P012_WC10,N/A,N/A,N/A,N/A,N/A,N/A
1091,1139,VAC_155005_P012_WC11,N/A,N/A,N/A,N/A,N/A,N/A
1092,1147,VAC_155005_P012_WC12,N/A,N/A,N/A,N/A,N/A,N/A
1093,1060,VAC_155005_P012_WD01,N/A,N/A,N/A,N/A,N/A,N/A
1094,1068,VAC_155005_P012_WD02,N/A,N/A,N/A,N/A,N/A,N/A
1095,1076,VAC_155005_P012_WD03,N/A,N/A,N/A,N/A,N/A,N/A
1096,1084,VAC_155005_P012_WD04,N/A,N/A,N/A,N/A,N/A,N/A
1097,1092,VAC_155005_P012_WD05,N/A,N/A,N/A,N/A,N/A,N/A
1098,1100,VAC_155005_P012_WD06,N/A,N/A,N/A,N/A,N/A,N/A
1099,1108,VAC_155005_P012_WD07,N/A,N/A,N/A,N/A,N/A,N/A
1100,1116,VAC_155005_P012_WD08,N/A,N/A,N/A,N/A,N/A,N/A
1101,1124,VAC_155005_P012_WD09,N/A,N/A,N/A,N/A,N/A,N/A
1102,1132,VAC_155005_P012_WD10,N/A,N/A,N/A,N/A,N/A,N/A
1103,1140,VAC_155005_P012_WD11,N/A,N/A,N/A,N/A,N/A,N/A
1104,1148,VAC_155005_P012_WD12,N/A,N/A,N/A,N/A,N/A,N/A
1105,1061,VAC_155005_P012_WE01,N/A,N/A,N/A,N/A,N/A,N/A
1106,1069,VAC_155005_P012_WE02,N/A,N/A,N/A,N/A,N/A,N/A
1107,1077,VAC_155005_P012_WE03,N/A,N/A,N/A,N/A,N/A,N/A
1108,1085,VAC_155005_P012_WE04,N/A,N/A,N/A,N/A,N/A,N/A
1109,1093,VAC_155005_P012_WE05,N/A,N/A,N/A,N/A,N/A,N/A
1110,1101,VAC_155005_P012_WE06,N/A,N/A,N/A,N/A,N/A,N/A
1111,1109,VAC_155005_P012_WE07,N/A,N/A,N/A,N/A,N/A,N/A
1112,1117,VAC_155005_P012_WE08,N/A,N/A,N/A,N/A,N/A,N/A
1113,1125,VAC_155005_P012_WE09,N/A,N/A,N/A,N/A,N/A,N/A
1114,1133,VAC_155005_P012_WE10,N/A,N/A,N/A,N/A,N/A,N/A
1115,1141,VAC_155005_P012_WE11,N/A,N/A,N/A,N/A,N/A,N/A
1116,1149,VAC_155005_P012_WE12,N/A,N/A,N/A,N/A,N/A,N/A
1117,1062,VAC_155005_P012_WF01,N/A,N/A,N/A,N/A,N/A,N/A
1118,1070,VAC_155005_P012_WF02,N/A,N/A,N/A,N/A,N/A,N/A
1119,1078,VAC_155005_P012_WF03,N/A,N/A,N/A,N/A,N/A,N/A
1120,1086,VAC_155005_P012_WF04,N/A,N/A,N/A,N/A,N/A,N/A
1121,1094,VAC_155005_P012_WF05,N/A,N/A,N/A,N/A,N/A,N/A
1122,1102,VAC_155005_P012_WF06,N/A,N/A,N/A,N/A,N/A,N/A
1123,1110,VAC_155005_P012_WF07,N/A,N/A,N/A,N/A,N/A,N/A
1124,1118,VAC_155005_P012_WF08,N/A,N/A,N/A,N/A,N/A,N/A
1125,1126,VAC_155005_P012_WF09,N/A,N/A,N/A,N/A,N/A,N/A
1126,1134,VAC_155005_P012_WF10,N/A,N/A,N/A,N/A,N/A,N/A
1127,1142,VAC_155005_P012_WF11,N/A,N/A,N/A,N/A,N/A,N/A
1128,1150,VAC_155005_P012_WF12,N/A,N/A,N/A,N/A,N/A,N/A
1129,1063,VAC_155005_P012_WG01,N/A,N/A,N/A,N/A,N/A,N/A
1130,1071,VAC_155005_P012_WG02,N/A,N/A,N/A,N/A,N/A,N/A
1131,1079,VAC_155005_P012_WG03,N/A,N/A,N/A,N/A,N/A,N/A
1132,1087,VAC_155005_P012_WG04,N/A,N/A,N/A,N/A,N/A,N/A
1133,1095,VAC_155005_P012_WG05,N/A,N/A,N/A,N/A,N/A,N/A
1134,1103,VAC_155005_P012_WG06,N/A,N/A,N/A,N/A,N/A,N/A
1135,1111,VAC_155005_P012_WG07,N/A,N/A,N/A,N/A,N/A,N/A
1136,1119,VAC_155005_P012_WG08,N/A,N/A,N/A,N/A,N/A,N/A
1137,1127,VAC_155005_P012_WG09,N/A,N/A,N/A,N/A,N/A,N/A
1138,1135,VAC_155005_P012_WG10,N/A,N/A,N/A,N/A,N/A,N/A
1139,1143,VAC_155005_P012_WG11,N/A,N/A,N/A,N/A,N/A,N/A
1140,1151,VAC_155005_P012_WG12,N/A,N/A,N/A,N/A,N/A,N/A
1141,1064,VAC_155005_P012_WH01,N/A,N/A,N/A,N/A,N/A,N/A
1142,1072,VAC_155005_P012_WH02,N/A,N/A,N/A,N/A,N/A,N/A
1143,1080,VAC_155005_P012_WH03,N/A,N/A,N/A,N/A,N/A,N/A
1144,1088,VAC_155005_P012_WH04,N/A,N/A,N/A,N/A,N/A,N/A
1145,1096,VAC_155005_P012_WH05,N/A,N/A,N/A,N/A,N/A,N/A
1146,1104,VAC_155005_P012_WH06,N/A,N/A,N/A,N/A,N/A,N/A
1147,1112,VAC_155005_P012_WH07,N/A,N/A,N/A,N/A,N/A,N/A
1148,1120,VAC_155005_P012_WH08,N/A,N/A,N/A,N/A,N/A,N/A
1149,1128,VAC_155005_P012_WH09,N/A,N/A,N/A,N/A,N/A,N/A
1150,1136,VAC_155005_P012_WH10,N/A,N/A,N/A,N/A,N/A,N/A
1151,1144,VAC_155005_P012_WH11,N/A,N/A,N/A,N/A,N/A,N/A
1152,1152,VAC_155005_P012_WH12,N/A,N/A,N/A,N/A,N/A,N/A
1153,1153,VAC_155005_P013_WA01,N/A,N/A,N/A,N/A,N/A,N/A
1154,1161,VAC_155005_P013_WA02,N/A,N/A,N/A,N/A,N/A,N/A
1155,1169,VAC_155005_P013_WA03,N/A,N/A,N/A,N/A,N/A,N/A
1156,1177,VAC_155005_P013_WA04,N/A,N/A,N/A,N/A,N/A,N/A
1157,1185,VAC_155005_P013_WA05,N/A,N/A,N/A,N/A,N/A,N/A
1158,1193,VAC_155005_P013_WA06,N/A,N/A,N/A,N/A,N/A,N/A
1159,1201,VAC_155005_P013_WA07,N/A,N/A,N/A,N/A,N/A,N/A
1160,1209,VAC_155005_P013_WA08,N/A,N/A,N/A,N/A,N/A,N/A
1161,1217,VAC_155005_P013_WA09,N/A,N/A,N/A,N/A,N/A,N/A
1162,1225,VAC_155005_P013_WA10,N/A,N/A,N/A,N/A,N/A,N/A
1163,1233,VAC_155005_P013_WA11,N/A,N/A,N/A,N/A,N/A,N/A
1164,1241,VAC_155005_P013_WA12,N/A,N/A,N/A,N/A,N/A,N/A
1165,1154,VAC_155005_P013_WB01,N/A,N/A,N/A,N/A,N/A,N/A
1166,1162,VAC_155005_P013_WB02,N/A,N/A,N/A,N/A,N/A,N/A
1167,1170,VAC_155005_P013_WB03,N/A,N/A,N/A,N/A,N/A,N/A
1168,1178,VAC_155005_P013_WB04,N/A,N/A,N/A,N/A,N/A,N/A
1169,1186,VAC_155005_P013_WB05,N/A,N/A,N/A,N/A,N/A,N/A
1170,1194,VAC_155005_P013_WB06,N/A,N/A,N/A,N/A,N/A,N/A
1171,1202,VAC_155005_P013_WB07,N/A,N/A,N/A,N/A,N/A,N/A
1172,1210,VAC_155005_P013_WB08,N/A,N/A,N/A,N/A,N/A,N/A
1173,1218,VAC_155005_P013_WB09,N/A,N/A,N/A,N/A,N/A,N/A
1174,1226,VAC_155005_P013_WB10,N/A,N/A,N/A,N/A,N/A,N/A
1175,1234,VAC_155005_P013_WB11,N/A,N/A,N/A,N/A,N/A,N/A
1176,1242,VAC_155005_P013_WB12,N/A,N/A,N/A,N/A,N/A,N/A
1177,1155,VAC_155005_P013_WC01,N/A,N/A,N/A,N/A,N/A,N/A
1178,1163,VAC_155005_P013_WC02,N/A,N/A,N/A,N/A,N/A,N/A
1179,1171,VAC_155005_P013_WC03,N/A,N/A,N/A,N/A,N/A,N/A
1180,1179,VAC_155005_P013_WC04,N/A,N/A,N/A,N/A,N/A,N/A
1181,1187,VAC_155005_P013_WC05,N/A,N/A,N/A,N/A,N/A,N/A
1182,1195,VAC_155005_P013_WC06,N/A,N/A,N/A,N/A,N/A,N/A
1183,1203,VAC_155005_P013_WC07,N/A,N/A,N/A,N/A,N/A,N/A
1184,1211,VAC_155005_P013_WC08,N/A,N/A,N/A,N/A,N/A,N/A
1185,1219,VAC_155005_P013_WC09,N/A,N/A,N/A,N/A,N/A,N/A
1186,1227,VAC_155005_P013_WC10,N/A,N/A,N/A,N/A,N/A,N/A
1187,1235,VAC_155005_P013_WC11,N/A,N/A,N/A,N/A,N/A,N/A
1188,1243,VAC_155005_P013_WC12,N/A,N/A,N/A,N/A,N/A,N/A
1189,1156,VAC_155005_P013_WD01,N/A,N/A,N/A,N/A,N/A,N/A
1190,1164,VAC_155005_P013_WD02,N/A,N/A,N/A,N/A,N/A,N/A
1191,1172,VAC_155005_P013_WD03,N/A,N/A,N/A,N/A,N/A,N/A
1192,1180,VAC_155005_P013_WD04,N/A,N/A,N/A,N/A,N/A,N/A
1193,1188,VAC_155005_P013_WD05,N/A,N/A,N/A,N/A,N/A,N/A
1194,1196,VAC_155005_P013_WD06,N/A,N/A,N/A,N/A,N/A,N/A
1195,1204,VAC_155005_P013_WD07,N/A,N/A,N/A,N/A,N/A,N/A
1196,1212,VAC_155005_P013_WD08,N/A,N/A,N/A,N/A,N/A,N/A
1197,1220,VAC_155005_P013_WD09,N/A,N/A,N/A,N/A,N/A,N/A
1198,1228,VAC_155005_P013_WD10,N/A,N/A,N/A,N/A,N/A,N/A
1199,1236,VAC_155005_P013_WD11,N/A,N/A,N/A,N/A,N/A,N/A
1200,1244,VAC_155005_P013_WD12,N/A,N/A,N/A,N/A,N/A,N/A
1201,1157,VAC_155005_P013_WE01,N/A,N/A,N/A,N/A,N/A,N/A
1202,1165,VAC_155005_P013_WE02,N/A,N/A,N/A,N/A,N/A,N/A
1203,1173,VAC_155005_P013_WE03,N/A,N/A,N/A,N/A,N/A,N/A
1204,1181,VAC_155005_P013_WE04,N/A,N/A,N/A,N/A,N/A,N/A
1205,1189,VAC_155005_P013_WE05,N/A,N/A,N/A,N/A,N/A,N/A
1206,1197,VAC_155005_P013_WE06,N/A,N/A,N/A,N/A,N/A,N/A
1207,1205,VAC_155005_P013_WE07,N/A,N/A,N/A,N/A,N/A,N/A
1208,1213,VAC_155005_P013_WE08,N/A,N/A,N/A,N/A,N/A,N/A
1209,1221,VAC_155005_P013_WE09,N/A,N/A,N/A,N/A,N/A,N/A
1210,1229,VAC_155005_P013_WE10,N/A,N/A,N/A,N/A,N/A,N/A
1211,1237,VAC_155005_P013_WE11,N/A,N/A,N/A,N/A,N/A,N/A
1212,1245,VAC_155005_P013_WE12,N/A,N/A,N/A,N/A,N/A,N/A
1213,1158,VAC_155005_P013_WF01,N/A,N/A,N/A,N/A,N/A,N/A
1214,1166,VAC_155005_P013_WF02,N/A,N/A,N/A,N/A,N/A,N/A
1215,1174,VAC_155005_P013_WF03,N/A,N/A,N/A,N/A,N/A,N/A
1216,1182,VAC_155005_P013_WF04,N/A,N/A,N/A,N/A,N/A,N/A
1217,1190,VAC_155005_P013_WF05,N/A,N/A,N/A,N/A,N/A,N/A
1218,1198,VAC_155005_P013_WF06,N/A,N/A,N/A,N/A,N/A,N/A
1219,1206,VAC_155005_P013_WF07,N/A,N/A,N/A,N/A,N/A,N/A
1220,1214,VAC_155005_P013_WF08,N/A,N/A,N/A,N/A,N/A,N/A
1221,1222,VAC_155005_P013_WF09,N/A,N/A,N/A,N/A,N/A,N/A
1222,1230,VAC_155005_P013_WF10,N/A,N/A,N/A,N/A,N/A,N/A
1223,1238,VAC_155005_P013_WF11,N/A,N/A,N/A,N/A,N/A,N/A
1224,1246,VAC_155005_P013_WF12,N/A,N/A,N/A,N/A,N/A,N/A
1225,1159,VAC_155005_P013_WG01,N/A,N/A,N/A,N/A,N/A,N/A
1226,1167,VAC_155005_P013_WG02,N/A,N/A,N/A,N/A,N/A,N/A
1227,1175,VAC_155005_P013_WG03,N/A,N/A,N/A,N/A,N/A,N/A
1228,1183,VAC_155005_P013_WG04,N/A,N/A,N/A,N/A,N/A,N/A
1229,1191,VAC_155005_P013_WG05,N/A,N/A,N/A,N/A,N/A,N/A
1230,1199,VAC_155005_P013_WG06,N/A,N/A,N/A,N/A,N/A,N/A
1231,1207,VAC_155005_P013_WG07,N/A,N/A,N/A,N/A,N/A,N/A
1232,1215,VAC_155005_P013_WG08,N/A,N/A,N/A,N/A,N/A,N/A
1233,1223,VAC_155005_P013_WG09,N/A,N/A,N/A,N/A,N/A,N/A
1234,1231,VAC_155005_P013_WG10,N/A,N/A,N/A,N/A,N/A,N/A
1235,1239,VAC_155005_P013_WG11,N/A,N/A,N/A,N/A,N/A,N/A
1236,1247,VAC_155005_P013_WG12,N/A,N/A,N/A,N/A,N/A,N/A
1237,1160,VAC_155005_P013_WH01,N/A,N/A,N/A,N/A,N/A,N/A
1238,1168,VAC_155005_P013_WH02,N/A,N/A,N/A,N/A,N/A,N/A
1239,1176,VAC_155005_P013_WH03,N/A,N/A,N/A,N/A,N/A,N/A
1240,1184,VAC_155005_P013_WH04,N/A,N/A,N/A,N/A,N/A,N/A
1241,1192,VAC_155005_P013_WH05,N/A,N/A,N/A,N/A,N/A,N/A
1242,1200,VAC_155005_P013_WH06,N/A,N/A,N/A,N/A,N/A,N/A
1243,1208,VAC_155005_P013_WH07,N/A,N/A,N/A,N/A,N/A,N/A
1244,1216,VAC_155005_P013_WH08,N/A,N/A,N/A,N/A,N/A,N/A
1245,1224,VAC_155005_P013_WH09,N/A,N/A,N/A,N/A,N/A,N/A
1246,1232,VAC_155005_P013_WH10,N/A,N/A,N/A,N/A,N/A,N/A
1247,1240,VAC_155005_P013_WH11,N/A,N/A,N/A,N/A,N/A,N/A
1248,1248,VAC_155005_P013_WH12,N/A,N/A,N/A,N/A,N/A,N/A
