"","RAPiD Genomics Sample Code","Unique Client Code"
"2","VAC_155005_P001_WA01","#35"
"3","VAC_155005_P001_WA02","Budd's Blues"
"4","VAC_155005_P001_WA03","Howes"
"5","VAC_155005_P001_WA04","ST"
"6","VAC_155005_P001_WA05","YBS02"
"7","VAC_155005_P001_WA06","YBS12"
"8","VAC_155005_P001_WA07","YBS21"
"9","VAC_155005_P001_WA08","MG12"
"10","VAC_155005_P001_WA09","QS05"
"11","VAC_155005_P001_WA10","WC12-006"
"12","VAC_155005_P001_WA11","WC12-101"
"13","VAC_155005_P001_WA12","WC12-153"
"14","VAC_155005_P001_WB01","Bain Fav. #1"
"15","VAC_155005_P001_WB02","Crimson Queen"
"16","VAC_155005_P001_WB03","HyRed"
"17","VAC_155005_P001_WB04","Sundance"
"18","VAC_155005_P001_WB05","YBS05"
"19","VAC_155005_P001_WB06","YBS13"
"20","VAC_155005_P001_WB07","YBS22"
"21","VAC_155005_P001_WB08","Murphy's Green (a)"
"22","VAC_155005_P001_WB09","QS06"
"23","VAC_155005_P001_WB10","WC12-008"
"24","VAC_155005_P001_WB11","WC12-104"
"25","VAC_155005_P001_WB12","WC12-199"
"26","VAC_155005_P001_WC01","BE4"
"27","VAC_155005_P001_WC02","D07"
"28","VAC_155005_P001_WC03","J21"
"29","VAC_155005_P001_WC04","V07"
"30","VAC_155005_P001_WC05","YBS06"
"31","VAC_155005_P001_WC06","YBS14"
"32","VAC_155005_P001_WC07","YBS23"
"33","VAC_155005_P001_WC08","Murphy's Green"
"34","VAC_155005_P001_WC09","QS07"
"35","VAC_155005_P001_WC10","WC12-012"
"36","VAC_155005_P001_WC11","WC12-110"
"37","VAC_155005_P001_WC12","WC12-221"
"38","VAC_155005_P001_WD01","Ben Lear"
"39","VAC_155005_P001_WD02","Demoranville"
"40","VAC_155005_P001_WD03","LoRed"
"41","VAC_155005_P001_WD04","V11"
"42","VAC_155005_P001_WD05","YBS07"
"43","VAC_155005_P001_WD06","YBS16"
"44","VAC_155005_P001_WD07","MG02"
"45","VAC_155005_P001_WD08","CNJ10-4-9"
"46","VAC_155005_P001_WD09","QS08"
"47","VAC_155005_P001_WD10","WC12-014"
"48","VAC_155005_P001_WD11","WC12-112"
"49","VAC_155005_P001_WD12","WC12-232"
"50","VAC_155005_P001_WE01","Bergman"
"51","VAC_155005_P001_WE02","Early Black"
"52","VAC_155005_P001_WE03","Mullica Queen"
"53","VAC_155005_P001_WE04","Wilcox"
"54","VAC_155005_P001_WE05","YBS08"
"55","VAC_155005_P001_WE06","YBS17"
"56","VAC_155005_P001_WE07","MG03"
"57","VAC_155005_P001_WE08","QS01"
"58","VAC_155005_P001_WE09","DP14"
"59","VAC_155005_P001_WE10","WC12-017"
"60","VAC_155005_P001_WE11","WC12-114"
"61","VAC_155005_P001_WE12","WC12-280"
"62","VAC_155005_P001_WF01","BG"
"63","VAC_155005_P001_WF02","Franklin"
"64","VAC_155005_P001_WF03","Pilgrim King"
"65","VAC_155005_P001_WF04","WSU108"
"66","VAC_155005_P001_WF05","YBS09"
"67","VAC_155005_P001_WF06","YBS18"
"68","VAC_155005_P001_WF07","MG04"
"69","VAC_155005_P001_WF08","QS02"
"70","VAC_155005_P001_WF09","DP17"
"71","VAC_155005_P001_WF10","WC12-032"
"72","VAC_155005_P001_WF11","WC12-131"
"73","VAC_155005_P001_WF12","WC12-288"
"74","VAC_155005_P001_WG01","BG48"
"75","VAC_155005_P001_WG02","GH1"
"76","VAC_155005_P001_WG03","Potter's Favorite"
"77","VAC_155005_P001_WG04","Yellow Bell"
"78","VAC_155005_P001_WG05","YBS10"
"79","VAC_155005_P001_WG06","YBS19"
"80","VAC_155005_P001_WG07","MG07"
"81","VAC_155005_P001_WG08","QS03"
"82","VAC_155005_P001_WG09","WC16-026"
"83","VAC_155005_P001_WG10","WC12-090"
"84","VAC_155005_P001_WG11","WC12-132"
"86","VAC_155005_P001_WH01","BG-Yellow"
"87","VAC_155005_P001_WH02","Harju"
"88","VAC_155005_P001_WH03","Ruby Star"
"89","VAC_155005_P001_WH04","YBS01"
"90","VAC_155005_P001_WH05","YBS11"
"91","VAC_155005_P001_WH06","YBS20"
"92","VAC_155005_P001_WH07","MG09"
"93","VAC_155005_P001_WH08","QS04"
"94","VAC_155005_P001_WH09","WC12-001"
"95","VAC_155005_P001_WH10","WC12-091"
"96","VAC_155005_P001_WH11","WC12-133"
"98","VAC_155005_P002_WA01","WC12-332"
"99","VAC_155005_P002_WA02","WC16-027"
"100","VAC_155005_P002_WA03","WC16-043"
"101","VAC_155005_P002_WA04","WC16-061"
"102","VAC_155005_P002_WA05","WC16-072"
"103","VAC_155005_P002_WA06","D8S"
"104","VAC_155005_P002_WA07","BL19"
"105","VAC_155005_P002_WA08","Chip17"
"106","VAC_155005_P002_WA09","HAWL05"
"107","VAC_155005_P002_WA10","LL14"
"108","VAC_155005_P002_WA11","LRL02"
"109","VAC_155005_P002_WA12","PMW02"
"110","VAC_155005_P002_WB01","WC12-1190"
"111","VAC_155005_P002_WB02","WC16-029"
"112","VAC_155005_P002_WB03","WC16-049"
"113","VAC_155005_P002_WB04","WC16-062"
"114","VAC_155005_P002_WB05","WC16-073"
"115","VAC_155005_P002_WB06","BL03"
"116","VAC_155005_P002_WB07","BLM01"
"117","VAC_155005_P002_WB08","FRLK12"
"118","VAC_155005_P002_WB09","HW05"
"119","VAC_155005_P002_WB10","LL15"
"120","VAC_155005_P002_WB11","LRL03"
"121","VAC_155005_P002_WB12","PMW16"
"122","VAC_155005_P002_WC01","WC16-004"
"123","VAC_155005_P002_WC02","WC16-034"
"124","VAC_155005_P002_WC03","WC16-051"
"125","VAC_155005_P002_WC04","WC16-063"
"126","VAC_155005_P002_WC05","WC17-001"
"127","VAC_155005_P002_WC06","BL04"
"128","VAC_155005_P002_WC07","Chip01"
"129","VAC_155005_P002_WC08","GYPL17"
"130","VAC_155005_P002_WC09","HW12"
"131","VAC_155005_P002_WC10","LOLM01"
"132","VAC_155005_P002_WC11","LRL04"
"133","VAC_155005_P002_WC12","PMW20"
"134","VAC_155005_P002_WD01","WC16-011"
"135","VAC_155005_P002_WD02","WC16-036"
"136","VAC_155005_P002_WD03","WC16-054"
"137","VAC_155005_P002_WD04","WC16-066"
"138","VAC_155005_P002_WD05","WC17-002"
"139","VAC_155005_P002_WD06","BL05"
"140","VAC_155005_P002_WD07","Chip03"
"141","VAC_155005_P002_WD08","GYPL18"
"142","VAC_155005_P002_WD09","KLB17"
"143","VAC_155005_P002_WD10","LOLM03"
"144","VAC_155005_P002_WD11","LRL05"
"145","VAC_155005_P002_WD12","SEB15"
"146","VAC_155005_P002_WE01","WC16-014"
"147","VAC_155005_P002_WE02","WC16-037"
"148","VAC_155005_P002_WE03","WC16-056"
"149","VAC_155005_P002_WE04","WC16-067"
"150","VAC_155005_P002_WE05","WC17-003"
"151","VAC_155005_P002_WE06","BL09"
"152","VAC_155005_P002_WE07","Chip05"
"153","VAC_155005_P002_WE08","GYPL19"
"154","VAC_155005_P002_WE09","LL07"
"155","VAC_155005_P002_WE10","LOLM07"
"156","VAC_155005_P002_WE11","LRL10"
"157","VAC_155005_P002_WE12","SHPL13"
"158","VAC_155005_P002_WF01","WC16-017"
"159","VAC_155005_P002_WF02","WC16-040"
"160","VAC_155005_P002_WF03","WC16-058"
"161","VAC_155005_P002_WF04","WC16-068"
"162","VAC_155005_P002_WF05","WC17-004"
"163","VAC_155005_P002_WF06","BL10"
"164","VAC_155005_P002_WF07","Chip07"
"165","VAC_155005_P002_WF08","GYPL28"
"166","VAC_155005_P002_WF09","LL08"
"167","VAC_155005_P002_WF10","LOLM11"
"168","VAC_155005_P002_WF11","LRL11"
"169","VAC_155005_P002_WF12","WABL04"
"170","VAC_155005_P002_WG01","WC16-018"
"171","VAC_155005_P002_WG02","WC16-041"
"172","VAC_155005_P002_WG03","WC16-059"
"173","VAC_155005_P002_WG04","WC16-070"
"174","VAC_155005_P002_WG05","A41S-X3"
"175","VAC_155005_P002_WG06","BL14"
"176","VAC_155005_P002_WG07","Chip08"
"177","VAC_155005_P002_WG08","GYPL31"
"178","VAC_155005_P002_WG09","LL12"
"179","VAC_155005_P002_WG10","LOLM12"
"180","VAC_155005_P002_WG11","LRL15"
"182","VAC_155005_P002_WH01","WC16-023"
"183","VAC_155005_P002_WH02","WC16-042"
"184","VAC_155005_P002_WH03","WC16-060"
"185","VAC_155005_P002_WH04","WC16-071"
"186","VAC_155005_P002_WH05","A41S-X8"
"187","VAC_155005_P002_WH06","BL18"
"188","VAC_155005_P002_WH07","Chip10"
"189","VAC_155005_P002_WH08","GYPL32"
"190","VAC_155005_P002_WH09","LL13"
"191","VAC_155005_P002_WH10","LRL01"
"192","VAC_155005_P002_WH11","LRL18"
"194","VAC_155005_P003_WA01","LWP-Unk"
"195","VAC_155005_P003_WA02","WC17-022"
"196","VAC_155005_P003_WA03","WC17-027-2"
"197","VAC_155005_P003_WA04","WC17-037-1"
"198","VAC_155005_P003_WA05","WC17-046-1"
"199","VAC_155005_P003_WA06","WC17-053-3"
"200","VAC_155005_P003_WA07","WC17-065-3"
"201","VAC_155005_P003_WA08","WC17-086-1"
"202","VAC_155005_P003_WA09","A4S193"
"203","VAC_155005_P003_WA10","#35 x HyRed-02"
"204","VAC_155005_P003_WA11","#35 x WSU108-06"
"205","VAC_155005_P003_WA12","Cranzilla-02"
"206","VAC_155005_P003_WB01","WC17-007-1"
"207","VAC_155005_P003_WB02","WC17-023-8"
"208","VAC_155005_P003_WB03","WC17-027-3"
"209","VAC_155005_P003_WB04","WC17-038-1"
"210","VAC_155005_P003_WB05","WC17-046-5"
"211","VAC_155005_P003_WB06","WC17-053-4"
"212","VAC_155005_P003_WB07","WC17-070-1"
"213","VAC_155005_P003_WB08","WC17-090-6"
"214","VAC_155005_P003_WB09","A4S203"
"215","VAC_155005_P003_WB10","#35 x HyRed-03"
"216","VAC_155005_P003_WB11","#35 x WSU108-07"
"217","VAC_155005_P003_WB12","Cranzilla-03"
"218","VAC_155005_P003_WC01","WC17-007-7"
"219","VAC_155005_P003_WC02","WC17-024-1"
"220","VAC_155005_P003_WC03","WC17-027-4"
"221","VAC_155005_P003_WC04","WC17-038-2"
"222","VAC_155005_P003_WC05","WC17-047-1"
"223","VAC_155005_P003_WC06","WC17-057-2"
"224","VAC_155005_P003_WC07","WC17-070-7"
"225","VAC_155005_P003_WC08","WC17-099-2"
"226","VAC_155005_P003_WC09","A5S097"
"227","VAC_155005_P003_WC10","#35 x HyRed-04"
"228","VAC_155005_P003_WC11","#35 x WSU108-08"
"229","VAC_155005_P003_WC12","Cranzilla-04"
"230","VAC_155005_P003_WD01","WC17-008-1"
"231","VAC_155005_P003_WD02","WC17-025-1"
"232","VAC_155005_P003_WD03","WC17-027-5"
"233","VAC_155005_P003_WD04","WC17-039-1"
"234","VAC_155005_P003_WD05","WC17-047-3"
"235","VAC_155005_P003_WD06","WC17-062-1"
"236","VAC_155005_P003_WD07","WC17-072-1"
"237","VAC_155005_P003_WD08","WC12-325"
"238","VAC_155005_P003_WD09","BLS079"
"239","VAC_155005_P003_WD10","#35 x WSU108-01"
"240","VAC_155005_P003_WD11","#35 x WSU108-09"
"241","VAC_155005_P003_WD12","Cranzilla-05"
"242","VAC_155005_P003_WE01","WC17-013-1"
"243","VAC_155005_P003_WE02","WC17-025-2"
"244","VAC_155005_P003_WE03","WC17-027-6"
"245","VAC_155005_P003_WE04","WC17-041-1"
"246","VAC_155005_P003_WE05","WC17-047-7"
"247","VAC_155005_P003_WE06","WC17-063"
"248","VAC_155005_P003_WE07","WC17-074-3"
"249","VAC_155005_P003_WE08","WC12-326"
"250","VAC_155005_P003_WE09","BLS210"
"251","VAC_155005_P003_WE10","#35 x WSU108-02"
"252","VAC_155005_P003_WE11","#35 x WSU108-10"
"253","VAC_155005_P003_WE12","Cranzilla-06"
"254","VAC_155005_P003_WF01","WC17-013-5"
"255","VAC_155005_P003_WF02","WC17-026-3"
"256","VAC_155005_P003_WF03","WC17-027-7"
"257","VAC_155005_P003_WF04","WC17-042-1"
"258","VAC_155005_P003_WF05","WC17-050-3"
"259","VAC_155005_P003_WF06","WC17-064"
"260","VAC_155005_P003_WF07","WC17-074-5"
"261","VAC_155005_P003_WF08","WABL06"
"262","VAC_155005_P003_WF09","BLS211"
"263","VAC_155005_P003_WF10","#35 x WSU108-03"
"264","VAC_155005_P003_WF11","#35 x WSU108-11"
"265","VAC_155005_P003_WF12","Cranzilla-07"
"266","VAC_155005_P003_WG01","WC17-014-1"
"267","VAC_155005_P003_WG02","WC17-026-6"
"268","VAC_155005_P003_WG03","WC17-036-1"
"269","VAC_155005_P003_WG04","WC17-043-1"
"270","VAC_155005_P003_WG05","WC17-052-1"
"271","VAC_155005_P003_WG06","WC17-065-1"
"272","VAC_155005_P003_WG07","WC17-079-4"
"273","VAC_155005_P003_WG08","WABL11"
"274","VAC_155005_P003_WG09","PGS108"
"275","VAC_155005_P003_WG10","#35 x WSU108-04"
"276","VAC_155005_P003_WG11","#35 x WSU108-12"
"278","VAC_155005_P003_WH01","WC17-020-3"
"279","VAC_155005_P003_WH02","WC17-027-1"
"280","VAC_155005_P003_WH03","WC17-036-7"
"281","VAC_155005_P003_WH04","WC17-043-8"
"282","VAC_155005_P003_WH05","WC17-052-3"
"283","VAC_155005_P003_WH06","WC17-065-2"
"284","VAC_155005_P003_WH07","WC17-081-1"
"285","VAC_155005_P003_WH08","A4S109"
"286","VAC_155005_P003_WH09","#35 x HyRed-01"
"287","VAC_155005_P003_WH10","#35 x WSU108-05"
"288","VAC_155005_P003_WH11","Cranzilla-01"
"290","VAC_155005_P004_WA01","Cranzilla-08"
"291","VAC_155005_P004_WA02","ST x BL8-03"
"292","VAC_155005_P004_WA03","ST x BL8-11"
"293","VAC_155005_P004_WA04","ST x BL8-19"
"294","VAC_155005_P004_WA05","ST x BL8-27"
"295","VAC_155005_P004_WA06","ST x BL8-35"
"296","VAC_155005_P004_WA07","ST x BL8-43"
"297","VAC_155005_P004_WA08","ST x BL8-51"
"298","VAC_155005_P004_WA09","BL05-1-2"
"299","VAC_155005_P004_WA10","CNJ12-56-07"
"300","VAC_155005_P004_WA11","CNJ08-233-12"
"301","VAC_155005_P004_WA12","CNJ12-56-43"
"302","VAC_155005_P004_WB01","Cranzilla-09"
"303","VAC_155005_P004_WB02","ST x BL8-04"
"304","VAC_155005_P004_WB03","ST x BL8-12"
"305","VAC_155005_P004_WB04","ST x BL8-20"
"306","VAC_155005_P004_WB05","ST x BL8-28"
"307","VAC_155005_P004_WB06","ST x BL8-36"
"308","VAC_155005_P004_WB07","ST x BL8-44"
"309","VAC_155005_P004_WB08","ST x BL8-52"
"310","VAC_155005_P004_WB09","WC12-101"
"311","VAC_155005_P004_WB10","CNJ08-233-47"
"312","VAC_155005_P004_WB11","CNJ08-233-15"
"313","VAC_155005_P004_WB12","CNJ08-233-46"
"314","VAC_155005_P004_WC01","Cranzilla-10"
"315","VAC_155005_P004_WC02","ST x BL8-05"
"316","VAC_155005_P004_WC03","ST x BL8-13"
"317","VAC_155005_P004_WC04","ST x BL8-21"
"318","VAC_155005_P004_WC05","ST x BL8-29"
"319","VAC_155005_P004_WC06","ST x BL8-37"
"320","VAC_155005_P004_WC07","ST x BL8-45"
"321","VAC_155005_P004_WC08","ST x BL8-53"
"322","VAC_155005_P004_WC09","WC12-280B"
"323","VAC_155005_P004_WC10","CNJ04-23-9"
"324","VAC_155005_P004_WC11","CNJ08-233-62"
"325","VAC_155005_P004_WC12","CNJ08-233-81"
"326","VAC_155005_P004_WD01","Cranzilla-11"
"327","VAC_155005_P004_WD02","ST x BL8-06"
"328","VAC_155005_P004_WD03","ST x BL8-14"
"329","VAC_155005_P004_WD04","ST x BL8-22"
"330","VAC_155005_P004_WD05","ST x BL8-30"
"331","VAC_155005_P004_WD06","ST x BL8-38"
"332","VAC_155005_P004_WD07","ST x BL8-46"
"333","VAC_155005_P004_WD08","ST x BL8-54"
"334","VAC_155005_P004_WD09","CNJ05-34-40"
"335","VAC_155005_P004_WD10","CNJ08-233-1"
"336","VAC_155005_P004_WD11","CNJ12-56-31"
"337","VAC_155005_P004_WD12","CNJ12-56-50"
"338","VAC_155005_P004_WE01","Cranzilla-12"
"339","VAC_155005_P004_WE02","ST x BL8-07"
"340","VAC_155005_P004_WE03","ST x BL8-15"
"341","VAC_155005_P004_WE04","ST x BL8-23"
"342","VAC_155005_P004_WE05","ST x BL8-31"
"343","VAC_155005_P004_WE06","ST x BL8-39"
"344","VAC_155005_P004_WE07","ST x BL8-47"
"345","VAC_155005_P004_WE08","ST x BL8-55"
"346","VAC_155005_P004_WE09","CNJ12-56-02"
"347","VAC_155005_P004_WE10","CNJ12-56-13"
"348","VAC_155005_P004_WE11","CNJ08-233-54"
"349","VAC_155005_P004_WE12","CNJ12-56-51"
"350","VAC_155005_P004_WF01","HyRed x WSU108-1"
"351","VAC_155005_P004_WF02","ST x BL8-08"
"352","VAC_155005_P004_WF03","ST x BL8-16"
"353","VAC_155005_P004_WF04","ST x BL8-24"
"354","VAC_155005_P004_WF05","ST x BL8-32"
"355","VAC_155005_P004_WF06","ST x BL8-40"
"356","VAC_155005_P004_WF07","ST x BL8-48"
"357","VAC_155005_P004_WF08","ST x BL8-56"
"358","VAC_155005_P004_WF09","CNJ12-56-04"
"359","VAC_155005_P004_WF10","CNJ12-56-14"
"360","VAC_155005_P004_WF11","CNJ08-233-35"
"361","VAC_155005_P004_WF12","CNJ12-56-52"
"362","VAC_155005_P004_WG01","ST x BL8-01"
"363","VAC_155005_P004_WG02","ST x BL8-09"
"364","VAC_155005_P004_WG03","ST x BL8-17"
"365","VAC_155005_P004_WG04","ST x BL8-25"
"366","VAC_155005_P004_WG05","ST x BL8-33"
"367","VAC_155005_P004_WG06","ST x BL8-41"
"368","VAC_155005_P004_WG07","ST x BL8-49"
"369","VAC_155005_P004_WG08","ST x BL8-58"
"370","VAC_155005_P004_WG09","CNJ12-56-05"
"371","VAC_155005_P004_WG10","CNJ12-56-17"
"372","VAC_155005_P004_WG11","CNJ08-233-57"
"374","VAC_155005_P004_WH01","ST x BL8-02"
"375","VAC_155005_P004_WH02","ST x BL8-10"
"376","VAC_155005_P004_WH03","ST x BL8-18"
"377","VAC_155005_P004_WH04","ST x BL8-26"
"378","VAC_155005_P004_WH05","ST x BL8-34"
"379","VAC_155005_P004_WH06","ST x BL8-42"
"380","VAC_155005_P004_WH07","ST x BL8-50"
"381","VAC_155005_P004_WH08","BL05-1-1"
"382","VAC_155005_P004_WH09","CNJ12-56-06"
"383","VAC_155005_P004_WH10","CNJ08-233-38"
"384","VAC_155005_P004_WH11","CNJ08-233-58"
"386","VAC_155005_P005_WA01","CNJ12-56-54"
"387","VAC_155005_P005_WA02","CNJ12-56-68"
"388","VAC_155005_P005_WA03","CNJ12-56-102"
"389","VAC_155005_P005_WA04","CNJ08-233-41"
"390","VAC_155005_P005_WA05","CNJ12-56-137"
"391","VAC_155005_P005_WA06","CNJ12-56-148"
"392","VAC_155005_P005_WA07","CNJ08-233-36"
"393","VAC_155005_P005_WA08","CNJ08-233-79"
"394","VAC_155005_P005_WA09","CNJ12-56-200"
"395","VAC_155005_P005_WA10","CNJ12-58-09"
"396","VAC_155005_P005_WA11","CNJ12-58-20"
"397","VAC_155005_P005_WA12","CNJ12-58-28"
"398","VAC_155005_P005_WB01","CNJ04-23-7"
"399","VAC_155005_P005_WB02","CNJ08-233-69"
"400","VAC_155005_P005_WB03","CNJ12-56-105"
"401","VAC_155005_P005_WB04","CNJ08-233-24"
"402","VAC_155005_P005_WB05","CNJ12-56-139"
"403","VAC_155005_P005_WB06","CNJ12-56-150"
"404","VAC_155005_P005_WB07","CNJ12-56-172"
"405","VAC_155005_P005_WB08","CNJ12-56-190"
"406","VAC_155005_P005_WB09","CNJ12-56-202"
"407","VAC_155005_P005_WB10","CNJ12-58-10"
"408","VAC_155005_P005_WB11","CNJ12-58-21"
"409","VAC_155005_P005_WB12","CNJ12-58-29"
"410","VAC_155005_P005_WC01","CNJ12-56-56"
"411","VAC_155005_P005_WC02","CNJ12-56-71"
"412","VAC_155005_P005_WC03","CNJ12-56-106"
"413","VAC_155005_P005_WC04","CNJ08-233-26"
"414","VAC_155005_P005_WC05","CNJ12-56-141"
"415","VAC_155005_P005_WC06","CNJ12-56-153"
"416","VAC_155005_P005_WC07","CNJ08-233-49"
"417","VAC_155005_P005_WC08","CNJ12-56-191"
"418","VAC_155005_P005_WC09","CNJ12-58-01"
"419","VAC_155005_P005_WC10","CNJ12-58-11"
"420","VAC_155005_P005_WC11","CNJ12-58-22"
"421","VAC_155005_P005_WC12","CNJ12-58-30"
"422","VAC_155005_P005_WD01","CNJ12-56-58"
"423","VAC_155005_P005_WD02","CNJ12-56-73"
"424","VAC_155005_P005_WD03","CNJ12-56-108"
"425","VAC_155005_P005_WD04","CNJ12-56-124"
"426","VAC_155005_P005_WD05","CNJ12-56-142"
"427","VAC_155005_P005_WD06","CNJ12-56-154"
"428","VAC_155005_P005_WD07","CNJ12-56-179"
"429","VAC_155005_P005_WD08","CNJ12-56-192"
"430","VAC_155005_P005_WD09","CNJ08-233-43"
"431","VAC_155005_P005_WD10","CNJ12-58-12"
"432","VAC_155005_P005_WD11","CNJ12-58-23"
"433","VAC_155005_P005_WD12","CNJ12-58-31"
"434","VAC_155005_P005_WE01","CNJ12-56-59"
"435","VAC_155005_P005_WE02","CNJ08-233-71"
"436","VAC_155005_P005_WE03","CNJ08-233-21"
"437","VAC_155005_P005_WE04","CNJ12-56-129"
"438","VAC_155005_P005_WE05","CNJ12-56-143"
"439","VAC_155005_P005_WE06","CNJ12-56-155"
"440","VAC_155005_P005_WE07","CNJ08-233-37"
"441","VAC_155005_P005_WE08","CNJ12-56-195"
"442","VAC_155005_P005_WE09","CNJ12-58-03"
"443","VAC_155005_P005_WE10","CNJ12-58-13"
"444","VAC_155005_P005_WE11","CNJ12-58-24"
"445","VAC_155005_P005_WE12","CNJ12-58-32"
"446","VAC_155005_P005_WF01","CNJ08-233-64"
"447","VAC_155005_P005_WF02","CNJ12-56-77"
"448","VAC_155005_P005_WF03","CNJ08-233-23"
"449","VAC_155005_P005_WF04","CNJ12-56-130"
"450","VAC_155005_P005_WF05","CNJ12-56-144"
"451","VAC_155005_P005_WF06","CNJ08-233-32"
"452","VAC_155005_P005_WF07","CNJ12-56-185"
"453","VAC_155005_P005_WF08","CNJ12-56-196"
"454","VAC_155005_P005_WF09","CNJ12-58-04"
"455","VAC_155005_P005_WF10","CNJ12-58-15"
"456","VAC_155005_P005_WF11","CNJ12-58-25"
"457","VAC_155005_P005_WF12","CNJ12-58-33"
"458","VAC_155005_P005_WG01","CNJ08-233-73"
"459","VAC_155005_P005_WG02","CNJ12-56-85"
"460","VAC_155005_P005_WG03","CNJ12-56-113"
"461","VAC_155005_P005_WG04","CNJ08-233-31"
"462","VAC_155005_P005_WG05","CNJ12-56-145"
"463","VAC_155005_P005_WG06","CNJ12-56-161"
"464","VAC_155005_P005_WG07","CNJ12-56-186"
"465","VAC_155005_P005_WG08","CNJ12-56-197"
"466","VAC_155005_P005_WG09","CNJ12-58-05"
"467","VAC_155005_P005_WG10","CNJ12-58-16"
"468","VAC_155005_P005_WG11","CNJ12-58-26"
"470","VAC_155005_P005_WH01","CNJ12-56-67"
"471","VAC_155005_P005_WH02","CNJ08-233-19"
"472","VAC_155005_P005_WH03","CNJ08-233-51"
"473","VAC_155005_P005_WH04","CNJ12-56-135"
"474","VAC_155005_P005_WH05","CNJ12-56-147"
"475","VAC_155005_P005_WH06","CNJ12-56-162"
"476","VAC_155005_P005_WH07","CNJ12-56-188"
"477","VAC_155005_P005_WH08","CNJ08-233-74"
"478","VAC_155005_P005_WH09","CNJ12-58-07"
"479","VAC_155005_P005_WH10","CNJ12-58-17"
"480","VAC_155005_P005_WH11","CNJ12-58-27"
